order_id,date_key,restaurant_id,dish_id,location_id,quantity,unit_price,discount_amount,total_amount,delivery_time_mins,order_status,payment_method
ORD-1001,20251016,201,302,101,1,280.0,10,270.0,33,Delivered,Credit Card
ORD-1002,20240414,205,309,105,1,320.0,50,270.0,45,Delivered,UPI
ORD-1003,20240405,202,304,102,2,250.0,50,450.0,19,Cancelled,Credit Card
ORD-1004,20251027,205,309,105,4,320.0,0,1280.0,46,Cancelled,Debit Card
ORD-1005,20240107,202,303,102,4,220.0,10,870.0,35,Delivered,Credit Card
ORD-1006,20241210,201,302,101,1,280.0,20,260.0,24,Delivered,Debit Card
ORD-1007,20250910,203,305,103,1,399.0,20,379.0,52,Delivered,Net Banking
ORD-1008,20240321,205,309,105,3,320.0,50,910.0,41,Cancelled,Credit Card
ORD-1009,20251222,201,302,101,1,280.0,0,280.0,36,Delivered,Credit Card
ORD-1010,20240413,204,307,104,3,199.0,20,577.0,41,Delivered,Debit Card
ORD-1011,20241229,202,304,102,3,250.0,0,750.0,28,Cancelled,Credit Card
ORD-1012,20240616,204,308,104,4,99.0,10,386.0,53,Delivered,Debit Card
ORD-1013,20240227,202,304,102,1,250.0,10,240.0,43,Delivered,UPI
ORD-1014,20240804,205,310,105,3,80.0,0,240.0,49,Delivered,Net Banking
ORD-1015,20240526,203,305,103,2,399.0,0,798.0,53,Cancelled,Debit Card
ORD-1016,20250821,204,307,104,4,199.0,10,786.0,32,Delivered,Cash on Delivery
ORD-1017,20250520,201,302,101,1,280.0,0,280.0,27,Refunded,Credit Card
ORD-1018,20251127,204,307,104,1,199.0,20,179.0,42,Cancelled,Net Banking
ORD-1019,20250625,203,305,103,1,399.0,0,399.0,52,Delivered,Debit Card
ORD-1020,20240424,203,305,103,4,399.0,0,1596.0,47,Delivered,Debit Card
ORD-1021,20250527,202,303,102,1,220.0,10,210.0,50,Cancelled,Credit Card
ORD-1022,20240605,203,306,103,2,420.0,50,790.0,51,Delivered,Cash on Delivery
ORD-1023,20241127,204,308,104,1,99.0,0,99.0,41,Delivered,Credit Card
ORD-1024,20240229,202,304,102,1,250.0,0,250.0,49,Delivered,Cash on Delivery
ORD-1025,20240508,202,303,102,4,220.0,50,830.0,28,Delivered,Cash on Delivery
ORD-1026,20250913,204,307,104,2,199.0,50,348.0,30,Refunded,Debit Card
ORD-1027,20250212,203,306,103,4,420.0,50,1630.0,46,Delivered,Credit Card
ORD-1028,20240818,201,302,101,3,280.0,0,840.0,55,Cancelled,Credit Card
ORD-1029,20250825,202,304,102,1,250.0,0,250.0,21,Delivered,UPI
ORD-1030,20240202,203,306,103,1,420.0,50,370.0,33,Delivered,Net Banking
ORD-1031,20240807,205,309,105,2,320.0,50,590.0,54,Delivered,Credit Card
ORD-1032,20250429,204,307,104,2,199.0,0,398.0,24,Refunded,Net Banking
ORD-1033,20241228,204,307,104,4,199.0,20,776.0,21,Refunded,UPI
ORD-1034,20240303,204,307,104,3,199.0,0,597.0,33,Delivered,Credit Card
ORD-1035,20250703,204,308,104,2,99.0,20,178.0,29,Delivered,Net Banking
ORD-1036,20240912,201,302,101,4,280.0,50,1070.0,24,Delivered,Cash on Delivery
ORD-1037,20240116,201,302,101,2,280.0,0,560.0,44,Delivered,Net Banking
ORD-1038,20240806,204,307,104,1,199.0,0,199.0,42,Delivered,Net Banking
ORD-1039,20240928,204,308,104,3,99.0,20,277.0,53,Refunded,Net Banking
ORD-1040,20240607,202,304,102,3,250.0,0,750.0,21,Cancelled,Cash on Delivery
ORD-1041,20240303,203,306,103,1,420.0,0,420.0,55,Delivered,Cash on Delivery
ORD-1042,20250627,202,303,102,1,220.0,50,170.0,23,Delivered,UPI
ORD-1043,20250901,201,302,101,2,280.0,20,540.0,25,Cancelled,Credit Card
ORD-1044,20250815,205,310,105,1,80.0,50,30.0,23,Delivered,Cash on Delivery
ORD-1045,20250801,205,309,105,3,320.0,10,950.0,31,Refunded,Debit Card
ORD-1046,20240901,203,305,103,4,399.0,0,1596.0,37,Delivered,Debit Card
ORD-1047,20240315,201,301,101,4,350.0,50,1350.0,54,Delivered,UPI
ORD-1048,20250704,202,304,102,3,250.0,0,750.0,40,Delivered,Credit Card
ORD-1049,20250113,203,305,103,2,399.0,20,778.0,52,Refunded,Debit Card
ORD-1050,20250918,205,309,105,1,320.0,50,270.0,37,Refunded,UPI
ORD-1051,20240517,203,305,103,1,399.0,0,399.0,53,Delivered,Debit Card
ORD-1052,20241015,205,310,105,2,80.0,10,150.0,31,Refunded,Debit Card
ORD-1053,20250601,204,308,104,3,99.0,0,297.0,23,Refunded,Net Banking
ORD-1054,20241010,201,301,101,1,350.0,10,340.0,26,Refunded,Debit Card
ORD-1055,20240614,204,308,104,4,99.0,50,346.0,18,Delivered,UPI
ORD-1056,20251208,202,303,102,1,220.0,10,210.0,55,Cancelled,Credit Card
ORD-1057,20250316,202,303,102,1,220.0,10,210.0,41,Delivered,Debit Card
ORD-1058,20240803,202,304,102,1,250.0,10,240.0,53,Delivered,Cash on Delivery
ORD-1059,20240607,202,304,102,2,250.0,0,500.0,44,Delivered,Credit Card
ORD-1060,20241206,204,307,104,2,199.0,10,388.0,28,Refunded,UPI
ORD-1061,20250126,201,301,101,4,350.0,0,1400.0,30,Delivered,Debit Card
ORD-1062,20241108,202,304,102,2,250.0,0,500.0,30,Delivered,Debit Card
ORD-1063,20241012,201,302,101,3,280.0,10,830.0,50,Delivered,Cash on Delivery
ORD-1064,20241205,201,301,101,1,350.0,10,340.0,29,Cancelled,Debit Card
ORD-1065,20240209,201,302,101,4,280.0,10,1110.0,38,Delivered,Cash on Delivery
ORD-1066,20250607,201,302,101,4,280.0,50,1070.0,30,Delivered,UPI
ORD-1067,20251226,204,307,104,1,199.0,50,149.0,52,Refunded,Credit Card
ORD-1068,20250107,204,307,104,1,199.0,10,189.0,38,Refunded,UPI
ORD-1069,20241103,205,309,105,3,320.0,20,940.0,38,Delivered,Debit Card
ORD-1070,20250721,202,303,102,2,220.0,20,420.0,42,Refunded,Credit Card
ORD-1071,20250922,205,310,105,3,80.0,20,220.0,53,Delivered,Debit Card
ORD-1072,20241020,202,304,102,4,250.0,50,950.0,38,Delivered,Net Banking
ORD-1073,20250328,202,304,102,4,250.0,0,1000.0,23,Delivered,Cash on Delivery
ORD-1074,20251110,205,310,105,3,80.0,0,240.0,33,Refunded,Debit Card
ORD-1075,20240818,202,304,102,2,250.0,0,500.0,20,Delivered,Net Banking
ORD-1076,20250917,201,302,101,4,280.0,20,1100.0,54,Delivered,Net Banking
ORD-1077,20250521,204,307,104,2,199.0,0,398.0,18,Delivered,Net Banking
ORD-1078,20240812,202,303,102,4,220.0,0,880.0,53,Delivered,UPI
ORD-1079,20250412,202,303,102,4,220.0,50,830.0,53,Cancelled,Debit Card
ORD-1080,20250329,205,310,105,4,80.0,50,270.0,46,Delivered,Net Banking
ORD-1081,20250405,203,305,103,2,399.0,10,788.0,51,Delivered,Credit Card
ORD-1082,20241008,204,308,104,1,99.0,10,89.0,33,Delivered,Debit Card
ORD-1083,20241123,205,309,105,1,320.0,0,320.0,27,Delivered,Net Banking
ORD-1084,20251211,202,303,102,2,220.0,0,440.0,44,Delivered,Debit Card
ORD-1085,20250709,204,308,104,4,99.0,0,396.0,31,Delivered,Net Banking
ORD-1086,20250821,201,301,101,4,350.0,20,1380.0,18,Delivered,Debit Card
ORD-1087,20250203,204,307,104,2,199.0,20,378.0,32,Delivered,Net Banking
ORD-1088,20250512,201,301,101,4,350.0,10,1390.0,43,Refunded,Credit Card
ORD-1089,20250423,202,303,102,1,220.0,20,200.0,55,Cancelled,UPI
ORD-1090,20240326,204,307,104,2,199.0,20,378.0,29,Delivered,Debit Card
ORD-1091,20250123,203,306,103,2,420.0,20,820.0,38,Delivered,Net Banking
ORD-1092,20241011,204,307,104,3,199.0,0,597.0,48,Delivered,Cash on Delivery
ORD-1093,20240223,203,306,103,2,420.0,0,840.0,20,Delivered,Credit Card
ORD-1094,20240723,201,301,101,2,350.0,0,700.0,26,Delivered,UPI
ORD-1095,20250731,202,304,102,4,250.0,10,990.0,41,Delivered,Cash on Delivery
ORD-1096,20250913,201,302,101,2,280.0,10,550.0,24,Cancelled,UPI
ORD-1097,20241115,205,310,105,4,80.0,20,300.0,30,Delivered,Cash on Delivery
ORD-1098,20251208,202,304,102,1,250.0,10,240.0,25,Cancelled,UPI
ORD-1099,20241221,205,309,105,4,320.0,10,1270.0,22,Cancelled,Debit Card
ORD-1100,20240113,204,307,104,4,199.0,0,796.0,45,Delivered,Net Banking
ORD-1101,20251225,202,303,102,4,220.0,0,880.0,51,Refunded,Debit Card
ORD-1102,20250922,205,309,105,4,320.0,20,1260.0,45,Refunded,Cash on Delivery
ORD-1103,20241001,203,306,103,2,420.0,0,840.0,35,Delivered,Credit Card
ORD-1104,20250420,205,310,105,4,80.0,10,310.0,19,Delivered,Debit Card
ORD-1105,20240705,204,308,104,2,99.0,10,188.0,34,Delivered,Debit Card
ORD-1106,20250902,203,305,103,1,399.0,50,349.0,30,Delivered,Credit Card
ORD-1107,20250220,204,308,104,2,99.0,20,178.0,49,Delivered,UPI
ORD-1108,20240405,203,305,103,2,399.0,20,778.0,33,Delivered,Cash on Delivery
ORD-1109,20250112,204,308,104,3,99.0,20,277.0,53,Delivered,Debit Card
ORD-1110,20251220,204,308,104,3,99.0,10,287.0,34,Delivered,UPI
ORD-1111,20240716,203,306,103,1,420.0,50,370.0,29,Delivered,Credit Card
ORD-1112,20250510,203,305,103,3,399.0,0,1197.0,30,Delivered,Credit Card
ORD-1113,20250104,202,303,102,3,220.0,0,660.0,52,Delivered,Debit Card
ORD-1114,20240216,201,301,101,3,350.0,0,1050.0,49,Delivered,UPI
ORD-1115,20250810,203,305,103,4,399.0,20,1576.0,46,Delivered,Credit Card
ORD-1116,20240222,203,305,103,4,399.0,0,1596.0,22,Delivered,Net Banking
ORD-1117,20240316,205,310,105,1,80.0,0,80.0,27,Cancelled,Debit Card
ORD-1118,20240328,202,304,102,1,250.0,50,200.0,44,Cancelled,Cash on Delivery
ORD-1119,20250925,202,304,102,4,250.0,20,980.0,46,Delivered,Cash on Delivery
ORD-1120,20250315,203,305,103,1,399.0,50,349.0,24,Delivered,Credit Card
ORD-1121,20240927,201,302,101,2,280.0,0,560.0,29,Cancelled,UPI
ORD-1122,20240609,201,301,101,4,350.0,20,1380.0,48,Delivered,UPI
ORD-1123,20240825,203,305,103,3,399.0,20,1177.0,22,Refunded,Credit Card
ORD-1124,20240927,205,310,105,2,80.0,20,140.0,25,Cancelled,Credit Card
ORD-1125,20251025,202,303,102,3,220.0,0,660.0,22,Delivered,Credit Card
ORD-1126,20241110,205,310,105,3,80.0,20,220.0,25,Delivered,Debit Card
ORD-1127,20251217,204,307,104,3,199.0,50,547.0,52,Delivered,Net Banking
ORD-1128,20240323,205,310,105,1,80.0,20,60.0,38,Cancelled,Debit Card
ORD-1129,20240127,201,302,101,2,280.0,50,510.0,55,Delivered,Debit Card
ORD-1130,20250813,201,301,101,2,350.0,20,680.0,51,Refunded,Net Banking
ORD-1131,20241011,202,303,102,4,220.0,20,860.0,23,Delivered,Debit Card
ORD-1132,20250222,203,306,103,3,420.0,0,1260.0,28,Delivered,Net Banking
ORD-1133,20251211,204,308,104,3,99.0,20,277.0,53,Delivered,Net Banking
ORD-1134,20240331,203,306,103,3,420.0,10,1250.0,25,Delivered,Cash on Delivery
ORD-1135,20240102,205,309,105,4,320.0,20,1260.0,21,Delivered,Cash on Delivery
ORD-1136,20250105,205,310,105,4,80.0,20,300.0,21,Delivered,Debit Card
ORD-1137,20250716,202,303,102,3,220.0,20,640.0,49,Delivered,UPI
ORD-1138,20251007,205,310,105,2,80.0,0,160.0,37,Cancelled,UPI
ORD-1139,20250719,204,307,104,1,199.0,0,199.0,25,Delivered,UPI
ORD-1140,20251025,202,303,102,4,220.0,10,870.0,50,Refunded,Debit Card
ORD-1141,20250301,204,308,104,4,99.0,0,396.0,47,Cancelled,Credit Card
ORD-1142,20250127,202,304,102,2,250.0,0,500.0,35,Delivered,Debit Card
ORD-1143,20250603,203,305,103,1,399.0,10,389.0,37,Cancelled,Cash on Delivery
ORD-1144,20251106,204,308,104,2,99.0,20,178.0,52,Delivered,Debit Card
ORD-1145,20241206,205,309,105,4,320.0,20,1260.0,38,Delivered,Credit Card
ORD-1146,20250808,204,307,104,2,199.0,20,378.0,20,Delivered,Net Banking
ORD-1147,20251223,204,307,104,4,199.0,0,796.0,49,Delivered,Credit Card
ORD-1148,20250529,205,310,105,3,80.0,0,240.0,46,Delivered,Cash on Delivery
ORD-1149,20250412,201,301,101,2,350.0,20,680.0,27,Delivered,Net Banking
ORD-1150,20240928,203,306,103,4,420.0,0,1680.0,39,Refunded,Cash on Delivery
ORD-1151,20250124,203,306,103,4,420.0,50,1630.0,20,Cancelled,UPI
ORD-1152,20240828,203,305,103,2,399.0,0,798.0,45,Delivered,UPI
ORD-1153,20250330,202,303,102,3,220.0,0,660.0,20,Delivered,UPI
ORD-1154,20241027,203,306,103,3,420.0,20,1240.0,27,Delivered,Cash on Delivery
ORD-1155,20250225,205,310,105,2,80.0,0,160.0,29,Delivered,Cash on Delivery
ORD-1156,20250126,205,310,105,2,80.0,20,140.0,55,Delivered,Credit Card
ORD-1157,20250417,203,305,103,4,399.0,10,1586.0,18,Delivered,Debit Card
ORD-1158,20251124,205,309,105,2,320.0,0,640.0,46,Delivered,Cash on Delivery
ORD-1159,20241102,204,307,104,3,199.0,20,577.0,37,Delivered,Net Banking
ORD-1160,20250509,201,302,101,2,280.0,20,540.0,54,Delivered,Cash on Delivery
ORD-1161,20241029,203,305,103,1,399.0,20,379.0,35,Delivered,Cash on Delivery
ORD-1162,20251203,201,301,101,4,350.0,10,1390.0,32,Cancelled,Debit Card
ORD-1163,20240812,202,304,102,3,250.0,0,750.0,24,Refunded,UPI
ORD-1164,20241112,204,308,104,1,99.0,50,49.0,41,Refunded,Credit Card
ORD-1165,20240402,203,305,103,3,399.0,20,1177.0,29,Delivered,Credit Card
ORD-1166,20250706,203,306,103,3,420.0,0,1260.0,34,Delivered,Debit Card
ORD-1167,20241212,201,302,101,4,280.0,0,1120.0,27,Delivered,Net Banking
ORD-1168,20250724,203,306,103,1,420.0,20,400.0,18,Delivered,Cash on Delivery
ORD-1169,20240506,204,308,104,3,99.0,10,287.0,55,Delivered,Debit Card
ORD-1170,20240420,202,304,102,4,250.0,0,1000.0,53,Delivered,Cash on Delivery
ORD-1171,20240814,201,302,101,4,280.0,10,1110.0,44,Delivered,Credit Card
ORD-1172,20240216,201,301,101,3,350.0,20,1030.0,25,Delivered,Credit Card
ORD-1173,20250704,202,303,102,4,220.0,20,860.0,41,Refunded,Cash on Delivery
ORD-1174,20250305,205,310,105,2,80.0,20,140.0,24,Delivered,Cash on Delivery
ORD-1175,20250221,203,305,103,1,399.0,10,389.0,31,Delivered,Net Banking
ORD-1176,20240829,203,306,103,1,420.0,10,410.0,52,Refunded,Debit Card
ORD-1177,20240303,204,307,104,3,199.0,0,597.0,25,Delivered,UPI
ORD-1178,20251109,202,304,102,1,250.0,0,250.0,39,Delivered,Credit Card
ORD-1179,20250801,202,304,102,1,250.0,50,200.0,31,Cancelled,Credit Card
ORD-1180,20240826,203,306,103,2,420.0,50,790.0,18,Delivered,Credit Card
ORD-1181,20240513,205,309,105,3,320.0,0,960.0,25,Refunded,UPI
ORD-1182,20240514,201,301,101,3,350.0,0,1050.0,55,Delivered,UPI
ORD-1183,20240627,203,305,103,1,399.0,0,399.0,44,Cancelled,UPI
ORD-1184,20240306,204,308,104,4,99.0,10,386.0,50,Cancelled,UPI
ORD-1185,20250407,205,309,105,2,320.0,50,590.0,20,Refunded,Cash on Delivery
ORD-1186,20241104,204,308,104,1,99.0,0,99.0,48,Delivered,Net Banking
ORD-1187,20251203,201,302,101,4,280.0,20,1100.0,22,Delivered,Debit Card
ORD-1188,20250914,202,303,102,1,220.0,0,220.0,35,Cancelled,Cash on Delivery
ORD-1189,20250715,203,306,103,4,420.0,50,1630.0,51,Delivered,Net Banking
ORD-1190,20250601,205,310,105,4,80.0,0,320.0,25,Refunded,Cash on Delivery
ORD-1191,20240808,204,307,104,4,199.0,0,796.0,44,Delivered,Net Banking
ORD-1192,20250212,204,307,104,1,199.0,10,189.0,45,Delivered,Debit Card
ORD-1193,20250118,202,303,102,4,220.0,0,880.0,23,Delivered,UPI
ORD-1194,20250318,201,302,101,3,280.0,0,840.0,53,Delivered,Cash on Delivery
ORD-1195,20250729,205,309,105,3,320.0,0,960.0,44,Delivered,Net Banking
ORD-1196,20240222,203,305,103,3,399.0,10,1187.0,24,Cancelled,Cash on Delivery
ORD-1197,20240805,202,303,102,4,220.0,0,880.0,24,Delivered,Cash on Delivery
ORD-1198,20250111,201,302,101,3,280.0,50,790.0,32,Delivered,Cash on Delivery
ORD-1199,20250928,205,310,105,1,80.0,50,30.0,35,Delivered,Credit Card
ORD-1200,20241006,203,305,103,3,399.0,10,1187.0,18,Delivered,Credit Card
ORD-1201,20250802,204,307,104,1,199.0,0,199.0,19,Delivered,Cash on Delivery
ORD-1202,20240808,204,307,104,4,199.0,20,776.0,39,Delivered,Debit Card
ORD-1203,20241115,203,306,103,1,420.0,0,420.0,27,Delivered,Cash on Delivery
ORD-1204,20240220,201,302,101,3,280.0,20,820.0,45,Delivered,Cash on Delivery
ORD-1205,20250328,204,307,104,3,199.0,0,597.0,50,Delivered,Debit Card
ORD-1206,20250316,201,302,101,3,280.0,50,790.0,49,Cancelled,Debit Card
ORD-1207,20240216,202,304,102,4,250.0,50,950.0,21,Delivered,Credit Card
ORD-1208,20241104,202,304,102,2,250.0,10,490.0,36,Delivered,UPI
ORD-1209,20240108,204,308,104,4,99.0,0,396.0,26,Delivered,Cash on Delivery
ORD-1210,20251221,202,304,102,3,250.0,0,750.0,43,Refunded,UPI
ORD-1211,20250322,201,301,101,4,350.0,0,1400.0,38,Cancelled,Net Banking
ORD-1212,20250810,204,307,104,4,199.0,10,786.0,25,Delivered,UPI
ORD-1213,20241128,202,303,102,4,220.0,10,870.0,23,Delivered,UPI
ORD-1214,20240906,204,307,104,4,199.0,50,746.0,23,Delivered,Debit Card
ORD-1215,20241213,202,304,102,3,250.0,0,750.0,22,Cancelled,UPI
ORD-1216,20250627,205,309,105,2,320.0,10,630.0,40,Refunded,Credit Card
ORD-1217,20240829,201,302,101,2,280.0,10,550.0,30,Delivered,Cash on Delivery
ORD-1218,20240605,201,302,101,2,280.0,20,540.0,47,Cancelled,Cash on Delivery
ORD-1219,20250404,205,310,105,3,80.0,10,230.0,27,Delivered,UPI
ORD-1220,20250425,204,308,104,3,99.0,10,287.0,55,Delivered,Debit Card
ORD-1221,20250603,201,302,101,3,280.0,20,820.0,46,Delivered,UPI
ORD-1222,20250112,203,305,103,1,399.0,0,399.0,50,Delivered,Net Banking
ORD-1223,20250817,205,309,105,1,320.0,20,300.0,54,Refunded,Credit Card
ORD-1224,20241125,205,310,105,4,80.0,50,270.0,27,Delivered,Net Banking
ORD-1225,20240415,203,306,103,1,420.0,50,370.0,29,Delivered,Credit Card
ORD-1226,20251225,204,308,104,4,99.0,50,346.0,51,Cancelled,Credit Card
ORD-1227,20250107,203,306,103,3,420.0,20,1240.0,44,Delivered,Cash on Delivery
ORD-1228,20240223,203,306,103,1,420.0,10,410.0,24,Cancelled,Net Banking
ORD-1229,20241017,203,305,103,2,399.0,10,788.0,23,Cancelled,Credit Card
ORD-1230,20241224,203,305,103,4,399.0,0,1596.0,23,Delivered,Cash on Delivery
ORD-1231,20250120,203,306,103,2,420.0,50,790.0,23,Refunded,Net Banking
ORD-1232,20250604,203,306,103,1,420.0,10,410.0,37,Delivered,Credit Card
ORD-1233,20241215,204,308,104,2,99.0,0,198.0,26,Delivered,UPI
ORD-1234,20241029,201,302,101,1,280.0,10,270.0,26,Cancelled,Net Banking
ORD-1235,20240606,202,303,102,2,220.0,50,390.0,28,Refunded,Net Banking
ORD-1236,20240214,204,307,104,3,199.0,0,597.0,46,Cancelled,Debit Card
ORD-1237,20250404,202,304,102,2,250.0,10,490.0,48,Delivered,Debit Card
ORD-1238,20251125,205,310,105,4,80.0,20,300.0,36,Delivered,Cash on Delivery
ORD-1239,20250624,204,307,104,2,199.0,0,398.0,26,Delivered,UPI
ORD-1240,20251018,204,308,104,3,99.0,50,247.0,24,Refunded,Cash on Delivery
ORD-1241,20240507,203,305,103,1,399.0,0,399.0,35,Delivered,Cash on Delivery
ORD-1242,20240530,204,307,104,1,199.0,0,199.0,46,Delivered,UPI
ORD-1243,20250228,201,301,101,4,350.0,50,1350.0,41,Delivered,Net Banking
ORD-1244,20240324,203,306,103,2,420.0,0,840.0,38,Delivered,Debit Card
ORD-1245,20240529,202,303,102,1,220.0,10,210.0,48,Refunded,Credit Card
ORD-1246,20251223,204,308,104,4,99.0,50,346.0,18,Delivered,UPI
ORD-1247,20240919,202,304,102,2,250.0,50,450.0,51,Delivered,UPI
ORD-1248,20241022,202,304,102,3,250.0,0,750.0,21,Delivered,Net Banking
ORD-1249,20251016,205,310,105,4,80.0,0,320.0,25,Delivered,Cash on Delivery
ORD-1250,20250702,201,301,101,2,350.0,0,700.0,36,Delivered,UPI
ORD-1251,20250921,203,306,103,2,420.0,50,790.0,44,Delivered,UPI
ORD-1252,20250620,203,306,103,1,420.0,50,370.0,52,Cancelled,Cash on Delivery
ORD-1253,20250721,201,301,101,4,350.0,20,1380.0,20,Refunded,Net Banking
ORD-1254,20250117,203,305,103,1,399.0,10,389.0,22,Delivered,Credit Card
ORD-1255,20251103,201,302,101,3,280.0,0,840.0,20,Delivered,Cash on Delivery
ORD-1256,20241212,202,303,102,4,220.0,20,860.0,29,Delivered,UPI
ORD-1257,20250413,201,301,101,3,350.0,0,1050.0,20,Delivered,UPI
ORD-1258,20241119,203,305,103,4,399.0,50,1546.0,48,Delivered,UPI
ORD-1259,20251024,202,304,102,3,250.0,10,740.0,21,Refunded,Debit Card
ORD-1260,20241006,201,302,101,3,280.0,20,820.0,43,Refunded,Net Banking
ORD-1261,20250130,203,306,103,2,420.0,20,820.0,49,Delivered,Cash on Delivery
ORD-1262,20240930,201,302,101,4,280.0,0,1120.0,45,Cancelled,Credit Card
ORD-1263,20250712,203,305,103,3,399.0,0,1197.0,23,Delivered,Debit Card
ORD-1264,20241109,204,308,104,4,99.0,0,396.0,46,Delivered,Net Banking
ORD-1265,20240213,203,306,103,4,420.0,10,1670.0,21,Delivered,Net Banking
ORD-1266,20250107,205,309,105,2,320.0,0,640.0,27,Cancelled,Net Banking
ORD-1267,20240205,202,303,102,1,220.0,0,220.0,41,Delivered,Net Banking
ORD-1268,20250803,201,301,101,2,350.0,20,680.0,41,Delivered,Net Banking
ORD-1269,20240319,205,310,105,2,80.0,50,110.0,41,Delivered,Debit Card
ORD-1270,20251027,203,305,103,2,399.0,0,798.0,19,Refunded,Credit Card
ORD-1271,20250526,205,309,105,4,320.0,50,1230.0,25,Delivered,Debit Card
ORD-1272,20251221,204,308,104,2,99.0,50,148.0,36,Refunded,Net Banking
ORD-1273,20240723,201,302,101,2,280.0,0,560.0,46,Delivered,Net Banking
ORD-1274,20240330,203,306,103,3,420.0,0,1260.0,53,Cancelled,Debit Card
ORD-1275,20241103,202,303,102,2,220.0,10,430.0,50,Delivered,UPI
ORD-1276,20240724,202,303,102,2,220.0,20,420.0,19,Delivered,Cash on Delivery
ORD-1277,20250809,203,306,103,4,420.0,50,1630.0,26,Cancelled,UPI
ORD-1278,20240308,203,305,103,4,399.0,20,1576.0,51,Delivered,Net Banking
ORD-1279,20250811,201,302,101,2,280.0,10,550.0,22,Delivered,Net Banking
ORD-1280,20251127,205,309,105,3,320.0,0,960.0,53,Refunded,Cash on Delivery
ORD-1281,20240705,202,303,102,4,220.0,50,830.0,21,Delivered,Cash on Delivery
ORD-1282,20240605,203,305,103,2,399.0,0,798.0,38,Refunded,Credit Card
ORD-1283,20241220,205,309,105,3,320.0,0,960.0,34,Delivered,Cash on Delivery
ORD-1284,20241008,202,303,102,3,220.0,50,610.0,52,Delivered,Cash on Delivery
ORD-1285,20251018,202,303,102,2,220.0,0,440.0,39,Cancelled,UPI
ORD-1286,20240130,201,302,101,1,280.0,50,230.0,34,Refunded,Credit Card
ORD-1287,20250808,204,307,104,1,199.0,20,179.0,52,Delivered,Debit Card
ORD-1288,20250509,202,304,102,4,250.0,10,990.0,47,Delivered,UPI
ORD-1289,20240610,204,308,104,4,99.0,20,376.0,47,Delivered,Debit Card
ORD-1290,20250913,202,303,102,3,220.0,10,650.0,40,Delivered,Credit Card
ORD-1291,20250114,205,309,105,1,320.0,10,310.0,33,Delivered,UPI
ORD-1292,20240930,204,308,104,2,99.0,0,198.0,24,Delivered,Debit Card
ORD-1293,20250128,205,310,105,4,80.0,0,320.0,28,Delivered,Cash on Delivery
ORD-1294,20241116,202,304,102,2,250.0,20,480.0,50,Delivered,Net Banking
ORD-1295,20241111,204,308,104,1,99.0,0,99.0,43,Cancelled,Net Banking
ORD-1296,20240903,202,304,102,3,250.0,0,750.0,21,Delivered,Net Banking
ORD-1297,20250903,204,308,104,3,99.0,50,247.0,18,Delivered,Net Banking
ORD-1298,20240517,203,305,103,3,399.0,20,1177.0,41,Delivered,Net Banking
ORD-1299,20240222,205,310,105,2,80.0,10,150.0,53,Delivered,UPI
ORD-1300,20250130,205,309,105,4,320.0,50,1230.0,35,Cancelled,Cash on Delivery
ORD-1301,20240501,202,303,102,1,220.0,20,200.0,41,Delivered,Cash on Delivery
ORD-1302,20250109,202,303,102,2,220.0,50,390.0,50,Delivered,Cash on Delivery
ORD-1303,20240211,201,301,101,1,350.0,0,350.0,39,Delivered,Cash on Delivery
ORD-1304,20250412,202,303,102,2,220.0,10,430.0,38,Delivered,Net Banking
ORD-1305,20250923,203,305,103,3,399.0,50,1147.0,50,Cancelled,Net Banking
ORD-1306,20251226,205,310,105,3,80.0,20,220.0,19,Delivered,Debit Card
ORD-1307,20251120,201,302,101,4,280.0,50,1070.0,37,Refunded,UPI
ORD-1308,20250903,204,308,104,3,99.0,50,247.0,54,Delivered,UPI
ORD-1309,20250820,204,308,104,2,99.0,50,148.0,42,Delivered,Credit Card
ORD-1310,20240202,205,310,105,1,80.0,0,80.0,19,Delivered,Debit Card
ORD-1311,20250304,202,303,102,4,220.0,0,880.0,44,Cancelled,Cash on Delivery
ORD-1312,20250427,201,301,101,2,350.0,50,650.0,31,Cancelled,Debit Card
ORD-1313,20251109,204,308,104,4,99.0,10,386.0,29,Delivered,Cash on Delivery
ORD-1314,20241216,205,309,105,3,320.0,10,950.0,48,Delivered,Credit Card
ORD-1315,20241012,205,309,105,3,320.0,0,960.0,37,Delivered,Credit Card
ORD-1316,20251207,204,308,104,3,99.0,20,277.0,40,Cancelled,Debit Card
ORD-1317,20241021,201,302,101,4,280.0,20,1100.0,40,Delivered,Debit Card
ORD-1318,20240213,203,305,103,1,399.0,10,389.0,46,Refunded,Debit Card
ORD-1319,20250505,202,304,102,2,250.0,50,450.0,35,Cancelled,Debit Card
ORD-1320,20240520,201,302,101,2,280.0,0,560.0,21,Refunded,Cash on Delivery
ORD-1321,20240819,202,304,102,1,250.0,0,250.0,44,Delivered,Net Banking
ORD-1322,20240412,202,303,102,1,220.0,50,170.0,28,Delivered,Net Banking
ORD-1323,20250503,202,304,102,3,250.0,10,740.0,36,Refunded,UPI
ORD-1324,20240401,205,310,105,2,80.0,50,110.0,20,Delivered,Net Banking
ORD-1325,20240629,201,301,101,4,350.0,20,1380.0,29,Refunded,Debit Card
ORD-1326,20240208,201,301,101,3,350.0,50,1000.0,24,Delivered,Debit Card
ORD-1327,20250410,205,309,105,4,320.0,0,1280.0,50,Delivered,Debit Card
ORD-1328,20240716,201,302,101,3,280.0,0,840.0,47,Refunded,Debit Card
ORD-1329,20240709,201,301,101,3,350.0,10,1040.0,54,Refunded,Credit Card
ORD-1330,20240628,205,310,105,4,80.0,20,300.0,50,Delivered,UPI
ORD-1331,20250214,201,302,101,2,280.0,0,560.0,48,Delivered,Credit Card
ORD-1332,20240107,203,305,103,4,399.0,0,1596.0,46,Delivered,Debit Card
ORD-1333,20241105,205,310,105,1,80.0,10,70.0,41,Refunded,Credit Card
ORD-1334,20240304,201,302,101,4,280.0,10,1110.0,28,Delivered,Cash on Delivery
ORD-1335,20251221,203,305,103,1,399.0,10,389.0,41,Cancelled,Credit Card
ORD-1336,20240812,202,303,102,4,220.0,0,880.0,47,Refunded,Cash on Delivery
ORD-1337,20250117,204,307,104,4,199.0,50,746.0,31,Delivered,Cash on Delivery
ORD-1338,20240324,205,309,105,4,320.0,50,1230.0,41,Delivered,Cash on Delivery
ORD-1339,20240424,201,301,101,2,350.0,50,650.0,52,Delivered,Credit Card
ORD-1340,20241201,205,309,105,4,320.0,0,1280.0,31,Refunded,Cash on Delivery
ORD-1341,20250515,201,302,101,4,280.0,0,1120.0,47,Delivered,Cash on Delivery
ORD-1342,20250301,204,308,104,1,99.0,50,49.0,47,Refunded,Debit Card
ORD-1343,20240123,204,307,104,3,199.0,0,597.0,31,Cancelled,UPI
ORD-1344,20240216,204,307,104,3,199.0,0,597.0,52,Delivered,UPI
ORD-1345,20250428,201,301,101,3,350.0,20,1030.0,29,Delivered,Net Banking
ORD-1346,20250118,204,307,104,4,199.0,20,776.0,42,Delivered,Cash on Delivery
ORD-1347,20240516,203,306,103,1,420.0,0,420.0,52,Delivered,Cash on Delivery
ORD-1348,20240510,202,304,102,1,250.0,0,250.0,37,Delivered,Cash on Delivery
ORD-1349,20250310,205,309,105,4,320.0,0,1280.0,33,Delivered,Debit Card
ORD-1350,20240607,203,305,103,2,399.0,0,798.0,20,Refunded,Net Banking
ORD-1351,20250921,201,301,101,2,350.0,0,700.0,22,Delivered,Cash on Delivery
ORD-1352,20240204,204,308,104,1,99.0,0,99.0,20,Delivered,Net Banking
ORD-1353,20240827,205,309,105,2,320.0,0,640.0,26,Cancelled,Debit Card
ORD-1354,20240827,205,310,105,3,80.0,50,190.0,38,Delivered,Debit Card
ORD-1355,20240526,205,309,105,2,320.0,20,620.0,37,Delivered,UPI
ORD-1356,20250724,205,310,105,2,80.0,20,140.0,53,Delivered,UPI
ORD-1357,20241218,204,307,104,3,199.0,20,577.0,44,Delivered,Debit Card
ORD-1358,20250120,202,303,102,4,220.0,0,880.0,32,Delivered,Credit Card
ORD-1359,20250419,201,301,101,4,350.0,20,1380.0,53,Cancelled,Credit Card
ORD-1360,20250201,202,304,102,3,250.0,0,750.0,39,Refunded,UPI
ORD-1361,20250405,203,306,103,1,420.0,50,370.0,30,Delivered,Debit Card
ORD-1362,20250121,205,310,105,1,80.0,0,80.0,30,Cancelled,Cash on Delivery
ORD-1363,20240810,204,308,104,2,99.0,10,188.0,37,Delivered,Credit Card
ORD-1364,20240713,201,302,101,4,280.0,0,1120.0,31,Delivered,Credit Card
ORD-1365,20250719,203,306,103,3,420.0,20,1240.0,47,Cancelled,Debit Card
ORD-1366,20241111,203,305,103,3,399.0,50,1147.0,49,Delivered,UPI
ORD-1367,20250425,203,306,103,2,420.0,10,830.0,38,Delivered,UPI
ORD-1368,20250730,202,304,102,2,250.0,0,500.0,34,Cancelled,Cash on Delivery
ORD-1369,20250816,204,307,104,3,199.0,0,597.0,30,Delivered,Credit Card
ORD-1370,20250123,205,310,105,2,80.0,20,140.0,53,Refunded,Debit Card
ORD-1371,20240920,204,308,104,4,99.0,20,376.0,28,Refunded,Debit Card
ORD-1372,20240622,202,303,102,4,220.0,0,880.0,52,Refunded,UPI
ORD-1373,20250620,201,301,101,1,350.0,0,350.0,18,Delivered,Credit Card
ORD-1374,20251007,202,304,102,1,250.0,0,250.0,18,Delivered,Cash on Delivery
ORD-1375,20250411,203,306,103,1,420.0,50,370.0,48,Refunded,Net Banking
ORD-1376,20240117,201,301,101,4,350.0,0,1400.0,19,Cancelled,Debit Card
ORD-1377,20250702,203,305,103,1,399.0,50,349.0,45,Delivered,UPI
ORD-1378,20240408,205,309,105,2,320.0,0,640.0,30,Cancelled,Cash on Delivery
ORD-1379,20240915,203,306,103,3,420.0,20,1240.0,23,Delivered,Net Banking
ORD-1380,20250415,205,310,105,2,80.0,0,160.0,37,Refunded,UPI
ORD-1381,20251031,201,301,101,1,350.0,20,330.0,42,Delivered,Cash on Delivery
ORD-1382,20250502,201,301,101,1,350.0,0,350.0,23,Delivered,Net Banking
ORD-1383,20251022,203,306,103,1,420.0,50,370.0,20,Delivered,Credit Card
ORD-1384,20251209,205,310,105,4,80.0,10,310.0,20,Delivered,Debit Card
ORD-1385,20250710,205,310,105,1,80.0,0,80.0,38,Delivered,Credit Card
ORD-1386,20250824,202,303,102,4,220.0,0,880.0,37,Delivered,Cash on Delivery
ORD-1387,20240903,205,310,105,4,80.0,50,270.0,39,Delivered,Credit Card
ORD-1388,20251206,201,302,101,3,280.0,0,840.0,24,Delivered,Credit Card
ORD-1389,20240318,203,306,103,4,420.0,10,1670.0,19,Refunded,Debit Card
ORD-1390,20250406,204,308,104,2,99.0,10,188.0,53,Delivered,Net Banking
ORD-1391,20240709,205,310,105,4,80.0,0,320.0,36,Delivered,UPI
ORD-1392,20240325,203,305,103,2,399.0,20,778.0,27,Refunded,Net Banking
ORD-1393,20241120,203,306,103,1,420.0,0,420.0,18,Delivered,Net Banking
ORD-1394,20250103,203,305,103,1,399.0,0,399.0,23,Delivered,Net Banking
ORD-1395,20250404,205,309,105,4,320.0,0,1280.0,19,Delivered,Debit Card
ORD-1396,20250721,201,302,101,3,280.0,20,820.0,18,Delivered,Net Banking
ORD-1397,20250201,201,302,101,2,280.0,50,510.0,51,Delivered,Net Banking
ORD-1398,20240622,202,303,102,3,220.0,10,650.0,35,Delivered,Credit Card
ORD-1399,20240305,202,303,102,4,220.0,10,870.0,44,Delivered,Net Banking
ORD-1400,20240319,203,306,103,3,420.0,0,1260.0,49,Cancelled,Cash on Delivery
ORD-1401,20240719,204,308,104,1,99.0,0,99.0,37,Delivered,Net Banking
ORD-1402,20241206,205,310,105,4,80.0,10,310.0,46,Delivered,Net Banking
ORD-1403,20251028,205,310,105,2,80.0,10,150.0,38,Cancelled,Credit Card
ORD-1404,20250505,203,306,103,2,420.0,20,820.0,38,Delivered,Net Banking
ORD-1405,20250812,202,304,102,3,250.0,20,730.0,35,Delivered,Debit Card
ORD-1406,20240426,205,310,105,2,80.0,50,110.0,52,Delivered,Cash on Delivery
ORD-1407,20240128,204,308,104,2,99.0,20,178.0,36,Refunded,UPI
ORD-1408,20250222,204,308,104,2,99.0,10,188.0,33,Delivered,Credit Card
ORD-1409,20250309,204,307,104,1,199.0,20,179.0,48,Cancelled,Net Banking
ORD-1410,20250701,205,309,105,4,320.0,50,1230.0,20,Delivered,Cash on Delivery
ORD-1411,20250831,201,302,101,1,280.0,0,280.0,40,Delivered,Cash on Delivery
ORD-1412,20240215,205,310,105,4,80.0,10,310.0,45,Delivered,UPI
ORD-1413,20240410,203,305,103,2,399.0,50,748.0,51,Cancelled,Cash on Delivery
ORD-1414,20251205,205,310,105,2,80.0,20,140.0,41,Delivered,Net Banking
ORD-1415,20251126,205,310,105,2,80.0,10,150.0,19,Delivered,UPI
ORD-1416,20241029,204,307,104,1,199.0,0,199.0,27,Delivered,Debit Card
ORD-1417,20241217,204,308,104,2,99.0,50,148.0,48,Delivered,Net Banking
ORD-1418,20240409,204,308,104,4,99.0,10,386.0,22,Delivered,UPI
ORD-1419,20251228,201,302,101,1,280.0,10,270.0,24,Refunded,Credit Card
ORD-1420,20240906,205,309,105,2,320.0,50,590.0,28,Delivered,Cash on Delivery
ORD-1421,20250312,204,308,104,2,99.0,20,178.0,29,Delivered,Net Banking
ORD-1422,20250209,201,301,101,2,350.0,20,680.0,55,Delivered,Net Banking
ORD-1423,20240105,202,304,102,2,250.0,10,490.0,22,Cancelled,UPI
ORD-1424,20250703,202,303,102,3,220.0,10,650.0,30,Delivered,UPI
ORD-1425,20240925,204,308,104,3,99.0,50,247.0,42,Cancelled,Net Banking
ORD-1426,20250824,201,302,101,3,280.0,10,830.0,47,Cancelled,Credit Card
ORD-1427,20251120,203,305,103,1,399.0,0,399.0,38,Delivered,Credit Card
ORD-1428,20241108,201,302,101,2,280.0,10,550.0,27,Cancelled,Net Banking
ORD-1429,20250304,205,310,105,2,80.0,50,110.0,42,Delivered,Credit Card
ORD-1430,20250513,205,309,105,2,320.0,50,590.0,28,Delivered,Debit Card
ORD-1431,20240523,202,303,102,3,220.0,20,640.0,21,Delivered,UPI
ORD-1432,20250511,202,303,102,2,220.0,20,420.0,53,Cancelled,Net Banking
ORD-1433,20250222,204,308,104,4,99.0,20,376.0,49,Delivered,UPI
ORD-1434,20250801,201,301,101,2,350.0,10,690.0,20,Delivered,Credit Card
ORD-1435,20250704,203,305,103,2,399.0,20,778.0,54,Refunded,Net Banking
ORD-1436,20250716,205,309,105,1,320.0,50,270.0,25,Delivered,Cash on Delivery
ORD-1437,20250110,205,309,105,1,320.0,20,300.0,52,Delivered,Net Banking
ORD-1438,20240414,202,304,102,3,250.0,0,750.0,46,Delivered,Debit Card
ORD-1439,20240330,204,308,104,1,99.0,0,99.0,31,Refunded,Cash on Delivery
ORD-1440,20251206,203,306,103,4,420.0,0,1680.0,26,Delivered,Credit Card
ORD-1441,20240301,205,310,105,3,80.0,50,190.0,35,Cancelled,Cash on Delivery
ORD-1442,20240621,203,306,103,3,420.0,10,1250.0,54,Delivered,Cash on Delivery
ORD-1443,20251126,201,302,101,2,280.0,20,540.0,21,Delivered,Credit Card
ORD-1444,20251219,202,303,102,2,220.0,0,440.0,38,Delivered,Net Banking
ORD-1445,20250516,202,303,102,3,220.0,20,640.0,42,Delivered,UPI
ORD-1446,20251010,201,302,101,4,280.0,50,1070.0,35,Refunded,Debit Card
ORD-1447,20250410,204,308,104,3,99.0,50,247.0,18,Refunded,UPI
ORD-1448,20250414,203,306,103,1,420.0,50,370.0,43,Delivered,Net Banking
ORD-1449,20240804,204,308,104,3,99.0,10,287.0,36,Delivered,Cash on Delivery
ORD-1450,20250814,202,303,102,4,220.0,10,870.0,21,Delivered,UPI
ORD-1451,20251003,204,308,104,1,99.0,0,99.0,28,Delivered,Net Banking
ORD-1452,20240101,204,307,104,2,199.0,0,398.0,37,Delivered,Debit Card
ORD-1453,20240405,203,306,103,3,420.0,0,1260.0,41,Refunded,Credit Card
ORD-1454,20240223,204,307,104,3,199.0,0,597.0,45,Refunded,UPI
ORD-1455,20251221,201,302,101,1,280.0,0,280.0,48,Delivered,Credit Card
ORD-1456,20250830,202,304,102,4,250.0,0,1000.0,18,Refunded,Debit Card
ORD-1457,20240503,204,307,104,2,199.0,20,378.0,22,Delivered,Net Banking
ORD-1458,20240401,201,302,101,1,280.0,10,270.0,41,Delivered,Credit Card
ORD-1459,20250126,202,303,102,2,220.0,0,440.0,51,Cancelled,UPI
ORD-1460,20250916,202,303,102,4,220.0,10,870.0,31,Refunded,Credit Card
ORD-1461,20250225,205,310,105,4,80.0,0,320.0,23,Delivered,Credit Card
ORD-1462,20240506,205,310,105,4,80.0,10,310.0,45,Delivered,Credit Card
ORD-1463,20240910,203,305,103,1,399.0,0,399.0,53,Cancelled,Cash on Delivery
ORD-1464,20250914,203,305,103,1,399.0,10,389.0,31,Cancelled,Cash on Delivery
ORD-1465,20250605,202,304,102,4,250.0,10,990.0,21,Delivered,Net Banking
ORD-1466,20250130,201,302,101,2,280.0,20,540.0,22,Cancelled,UPI
ORD-1467,20250104,203,306,103,2,420.0,20,820.0,54,Delivered,Debit Card
ORD-1468,20250713,202,303,102,4,220.0,0,880.0,19,Cancelled,UPI
ORD-1469,20240115,203,305,103,2,399.0,0,798.0,21,Delivered,Cash on Delivery
ORD-1470,20241020,205,309,105,4,320.0,20,1260.0,43,Delivered,Cash on Delivery
ORD-1471,20250704,205,310,105,2,80.0,10,150.0,23,Delivered,UPI
ORD-1472,20250607,202,304,102,2,250.0,50,450.0,38,Delivered,Cash on Delivery
ORD-1473,20251011,201,302,101,3,280.0,20,820.0,33,Delivered,Credit Card
ORD-1474,20240329,204,307,104,1,199.0,20,179.0,21,Delivered,Credit Card
ORD-1475,20240502,201,301,101,2,350.0,0,700.0,28,Delivered,Debit Card
ORD-1476,20250619,205,309,105,3,320.0,0,960.0,41,Delivered,Debit Card
ORD-1477,20240430,201,301,101,3,350.0,20,1030.0,35,Cancelled,UPI
ORD-1478,20240926,205,310,105,1,80.0,20,60.0,47,Cancelled,Debit Card
ORD-1479,20240226,204,308,104,2,99.0,10,188.0,28,Delivered,UPI
ORD-1480,20250810,201,302,101,2,280.0,50,510.0,18,Delivered,UPI
ORD-1481,20240907,201,301,101,4,350.0,10,1390.0,42,Delivered,Credit Card
ORD-1482,20240206,205,309,105,4,320.0,0,1280.0,38,Delivered,Net Banking
ORD-1483,20241123,203,305,103,1,399.0,50,349.0,41,Delivered,Cash on Delivery
ORD-1484,20251120,201,301,101,2,350.0,0,700.0,51,Delivered,Net Banking
ORD-1485,20240311,204,308,104,3,99.0,10,287.0,38,Delivered,Cash on Delivery
ORD-1486,20250412,201,301,101,3,350.0,0,1050.0,36,Cancelled,Debit Card
ORD-1487,20250929,202,304,102,4,250.0,10,990.0,55,Delivered,Credit Card
ORD-1488,20250713,202,304,102,2,250.0,0,500.0,44,Delivered,Credit Card
ORD-1489,20250708,203,306,103,1,420.0,10,410.0,18,Refunded,Net Banking
ORD-1490,20241110,201,302,101,2,280.0,50,510.0,33,Delivered,Net Banking
ORD-1491,20240302,202,303,102,3,220.0,0,660.0,20,Delivered,Cash on Delivery
ORD-1492,20250226,203,306,103,4,420.0,0,1680.0,55,Delivered,Cash on Delivery
ORD-1493,20240516,204,307,104,1,199.0,50,149.0,54,Delivered,Net Banking
ORD-1494,20251109,202,303,102,2,220.0,10,430.0,34,Delivered,Net Banking
ORD-1495,20251218,203,306,103,3,420.0,20,1240.0,35,Delivered,UPI
ORD-1496,20240726,202,303,102,1,220.0,0,220.0,24,Delivered,Net Banking
ORD-1497,20250422,203,306,103,4,420.0,0,1680.0,52,Delivered,Credit Card
ORD-1498,20250407,203,305,103,4,399.0,10,1586.0,25,Delivered,Credit Card
ORD-1499,20251203,203,305,103,1,399.0,0,399.0,38,Delivered,UPI
ORD-1500,20251229,202,304,102,3,250.0,20,730.0,50,Delivered,Debit Card
ORD-1501,20240923,202,303,102,1,220.0,20,200.0,46,Cancelled,Cash on Delivery
ORD-1502,20240912,201,302,101,4,280.0,0,1120.0,26,Delivered,UPI
ORD-1503,20240304,202,304,102,2,250.0,0,500.0,43,Delivered,UPI
ORD-1504,20250819,205,310,105,3,80.0,0,240.0,19,Delivered,Credit Card
ORD-1505,20251023,204,308,104,2,99.0,0,198.0,39,Delivered,UPI
ORD-1506,20250417,201,301,101,2,350.0,50,650.0,45,Refunded,Net Banking
ORD-1507,20250523,201,301,101,4,350.0,20,1380.0,29,Delivered,Credit Card
ORD-1508,20240710,203,305,103,3,399.0,20,1177.0,27,Delivered,Cash on Delivery
ORD-1509,20250926,205,310,105,2,80.0,10,150.0,49,Delivered,Cash on Delivery
ORD-1510,20250505,201,301,101,1,350.0,10,340.0,42,Delivered,Net Banking
ORD-1511,20240723,205,309,105,2,320.0,50,590.0,19,Delivered,Debit Card
ORD-1512,20250506,205,309,105,4,320.0,10,1270.0,54,Cancelled,Debit Card
ORD-1513,20250201,203,305,103,2,399.0,0,798.0,38,Cancelled,Credit Card
ORD-1514,20240131,203,305,103,1,399.0,20,379.0,51,Delivered,Cash on Delivery
ORD-1515,20240826,202,303,102,1,220.0,0,220.0,33,Delivered,Cash on Delivery
ORD-1516,20240227,202,304,102,4,250.0,10,990.0,29,Delivered,Credit Card
ORD-1517,20250829,203,306,103,3,420.0,50,1210.0,19,Refunded,Debit Card
ORD-1518,20250804,205,310,105,2,80.0,50,110.0,30,Delivered,Cash on Delivery
ORD-1519,20241112,202,303,102,4,220.0,0,880.0,23,Delivered,Credit Card
ORD-1520,20250908,202,304,102,1,250.0,50,200.0,48,Delivered,Debit Card
ORD-1521,20250920,202,304,102,2,250.0,10,490.0,29,Delivered,UPI
ORD-1522,20240123,202,303,102,2,220.0,0,440.0,51,Delivered,UPI
ORD-1523,20250117,204,307,104,1,199.0,10,189.0,37,Delivered,Credit Card
ORD-1524,20240610,204,307,104,4,199.0,10,786.0,29,Refunded,Cash on Delivery
ORD-1525,20251211,205,310,105,3,80.0,0,240.0,55,Delivered,Net Banking
ORD-1526,20241110,203,305,103,2,399.0,0,798.0,18,Refunded,Cash on Delivery
ORD-1527,20250204,205,310,105,1,80.0,0,80.0,38,Cancelled,Credit Card
ORD-1528,20251016,205,310,105,1,80.0,20,60.0,27,Delivered,UPI
ORD-1529,20240831,203,306,103,3,420.0,0,1260.0,23,Refunded,Debit Card
ORD-1530,20250402,201,301,101,3,350.0,0,1050.0,33,Refunded,UPI
ORD-1531,20241224,203,305,103,1,399.0,0,399.0,21,Delivered,Net Banking
ORD-1532,20250305,202,303,102,4,220.0,20,860.0,42,Delivered,Cash on Delivery
ORD-1533,20250119,201,302,101,4,280.0,50,1070.0,32,Delivered,Net Banking
ORD-1534,20240316,201,301,101,3,350.0,0,1050.0,38,Delivered,UPI
ORD-1535,20240316,203,306,103,2,420.0,20,820.0,28,Refunded,UPI
ORD-1536,20250714,201,302,101,3,280.0,50,790.0,48,Refunded,UPI
ORD-1537,20250317,202,303,102,4,220.0,0,880.0,21,Delivered,Debit Card
ORD-1538,20240729,202,304,102,4,250.0,50,950.0,52,Delivered,Debit Card
ORD-1539,20241031,202,304,102,1,250.0,0,250.0,43,Cancelled,Cash on Delivery
ORD-1540,20250517,202,303,102,1,220.0,10,210.0,18,Delivered,UPI
ORD-1541,20241028,205,310,105,4,80.0,0,320.0,24,Delivered,Credit Card
ORD-1542,20240623,203,305,103,1,399.0,20,379.0,25,Delivered,Net Banking
ORD-1543,20250427,204,308,104,3,99.0,0,297.0,52,Delivered,Credit Card
ORD-1544,20250114,204,307,104,3,199.0,0,597.0,46,Delivered,Debit Card
ORD-1545,20250326,204,308,104,3,99.0,0,297.0,35,Cancelled,UPI
ORD-1546,20240603,201,302,101,1,280.0,10,270.0,52,Delivered,Cash on Delivery
ORD-1547,20240820,205,309,105,1,320.0,20,300.0,51,Delivered,Cash on Delivery
ORD-1548,20251204,204,308,104,2,99.0,20,178.0,37,Delivered,Net Banking
ORD-1549,20240205,205,309,105,2,320.0,0,640.0,46,Delivered,Credit Card
ORD-1550,20240804,202,304,102,2,250.0,0,500.0,45,Delivered,Net Banking
ORD-1551,20240725,202,303,102,3,220.0,10,650.0,22,Delivered,Net Banking
ORD-1552,20250723,204,307,104,3,199.0,10,587.0,51,Delivered,UPI
ORD-1553,20251218,205,310,105,4,80.0,0,320.0,44,Delivered,Credit Card
ORD-1554,20250803,205,310,105,1,80.0,0,80.0,54,Delivered,Debit Card
ORD-1555,20250702,203,306,103,4,420.0,10,1670.0,42,Refunded,Net Banking
ORD-1556,20250808,205,310,105,4,80.0,0,320.0,29,Delivered,Net Banking
ORD-1557,20240527,205,310,105,4,80.0,0,320.0,43,Delivered,Credit Card
ORD-1558,20240220,204,308,104,3,99.0,10,287.0,19,Delivered,Debit Card
ORD-1559,20241114,203,305,103,4,399.0,0,1596.0,32,Delivered,Debit Card
ORD-1560,20250329,203,306,103,3,420.0,20,1240.0,23,Delivered,Net Banking
ORD-1561,20240804,204,307,104,4,199.0,50,746.0,41,Delivered,Cash on Delivery
ORD-1562,20240611,201,302,101,3,280.0,50,790.0,43,Delivered,Cash on Delivery
ORD-1563,20250805,201,301,101,2,350.0,0,700.0,30,Delivered,Credit Card
ORD-1564,20240203,204,308,104,1,99.0,10,89.0,30,Delivered,Debit Card
ORD-1565,20250420,205,309,105,4,320.0,0,1280.0,19,Delivered,Debit Card
ORD-1566,20250515,205,310,105,4,80.0,0,320.0,48,Cancelled,Cash on Delivery
ORD-1567,20241224,203,306,103,2,420.0,10,830.0,23,Delivered,UPI
ORD-1568,20250130,201,301,101,2,350.0,50,650.0,31,Delivered,Credit Card
ORD-1569,20251124,202,304,102,3,250.0,20,730.0,50,Delivered,UPI
ORD-1570,20250430,202,303,102,2,220.0,50,390.0,18,Delivered,Debit Card
ORD-1571,20250914,203,305,103,3,399.0,20,1177.0,42,Delivered,Net Banking
ORD-1572,20240915,202,304,102,4,250.0,10,990.0,51,Cancelled,Net Banking
ORD-1573,20250821,201,302,101,1,280.0,50,230.0,41,Cancelled,Cash on Delivery
ORD-1574,20250915,203,305,103,3,399.0,0,1197.0,48,Delivered,Debit Card
ORD-1575,20241010,203,306,103,3,420.0,10,1250.0,37,Delivered,Credit Card
ORD-1576,20250613,202,304,102,1,250.0,50,200.0,43,Refunded,Debit Card
ORD-1577,20251128,202,303,102,1,220.0,20,200.0,36,Delivered,Net Banking
ORD-1578,20250218,204,307,104,1,199.0,50,149.0,54,Delivered,Debit Card
ORD-1579,20240815,205,309,105,4,320.0,10,1270.0,50,Delivered,Credit Card
ORD-1580,20251104,205,309,105,2,320.0,10,630.0,24,Delivered,Credit Card
ORD-1581,20240921,205,309,105,2,320.0,10,630.0,23,Delivered,Debit Card
ORD-1582,20240816,203,305,103,4,399.0,10,1586.0,41,Delivered,Cash on Delivery
ORD-1583,20241028,204,308,104,1,99.0,20,79.0,21,Refunded,Cash on Delivery
ORD-1584,20250817,205,310,105,1,80.0,20,60.0,30,Cancelled,UPI
ORD-1585,20251128,204,307,104,3,199.0,20,577.0,21,Delivered,Credit Card
ORD-1586,20240724,203,306,103,4,420.0,50,1630.0,47,Delivered,Debit Card
ORD-1587,20240703,201,302,101,4,280.0,10,1110.0,29,Delivered,UPI
ORD-1588,20240105,204,308,104,3,99.0,0,297.0,28,Cancelled,Credit Card
ORD-1589,20250516,201,302,101,2,280.0,50,510.0,45,Refunded,Net Banking
ORD-1590,20250217,204,307,104,4,199.0,20,776.0,18,Delivered,Cash on Delivery
ORD-1591,20240723,203,306,103,1,420.0,10,410.0,51,Delivered,UPI
ORD-1592,20251123,201,301,101,2,350.0,0,700.0,40,Delivered,Credit Card
ORD-1593,20240415,204,307,104,3,199.0,0,597.0,22,Delivered,Debit Card
ORD-1594,20241024,204,308,104,3,99.0,20,277.0,26,Delivered,Net Banking
ORD-1595,20250102,202,304,102,2,250.0,20,480.0,19,Delivered,Credit Card
ORD-1596,20240514,202,304,102,1,250.0,50,200.0,50,Delivered,UPI
ORD-1597,20250110,201,301,101,4,350.0,10,1390.0,52,Cancelled,UPI
ORD-1598,20250831,201,301,101,1,350.0,0,350.0,21,Refunded,UPI
ORD-1599,20250302,204,308,104,4,99.0,0,396.0,53,Delivered,Net Banking
ORD-1600,20251219,202,303,102,2,220.0,0,440.0,37,Delivered,UPI
ORD-1601,20251109,205,309,105,3,320.0,50,910.0,26,Delivered,UPI
ORD-1602,20250607,205,310,105,1,80.0,10,70.0,25,Delivered,Net Banking
ORD-1603,20240722,205,310,105,2,80.0,10,150.0,51,Delivered,Debit Card
ORD-1604,20251221,204,307,104,3,199.0,0,597.0,20,Cancelled,Net Banking
ORD-1605,20240731,204,308,104,3,99.0,0,297.0,18,Delivered,UPI
ORD-1606,20240423,205,310,105,4,80.0,0,320.0,23,Cancelled,UPI
ORD-1607,20240413,203,305,103,2,399.0,20,778.0,36,Delivered,Net Banking
ORD-1608,20240221,201,302,101,2,280.0,0,560.0,36,Delivered,Debit Card
ORD-1609,20250312,201,302,101,1,280.0,0,280.0,18,Delivered,Credit Card
ORD-1610,20241202,203,306,103,4,420.0,50,1630.0,35,Refunded,UPI
ORD-1611,20250116,203,306,103,2,420.0,0,840.0,43,Delivered,Net Banking
ORD-1612,20241005,204,307,104,4,199.0,20,776.0,28,Delivered,Credit Card
ORD-1613,20251213,201,301,101,2,350.0,0,700.0,44,Cancelled,Net Banking
ORD-1614,20250805,204,308,104,2,99.0,50,148.0,42,Delivered,Cash on Delivery
ORD-1615,20240130,202,303,102,4,220.0,20,860.0,25,Delivered,Net Banking
ORD-1616,20240217,201,302,101,3,280.0,10,830.0,18,Refunded,Cash on Delivery
ORD-1617,20250813,205,310,105,2,80.0,10,150.0,51,Cancelled,Cash on Delivery
ORD-1618,20240407,204,307,104,2,199.0,20,378.0,40,Refunded,Net Banking
ORD-1619,20240601,205,309,105,1,320.0,0,320.0,28,Cancelled,Net Banking
ORD-1620,20250522,202,303,102,1,220.0,20,200.0,38,Delivered,Debit Card
ORD-1621,20241011,201,301,101,2,350.0,50,650.0,42,Delivered,Credit Card
ORD-1622,20240321,204,308,104,4,99.0,50,346.0,46,Delivered,Net Banking
ORD-1623,20250402,203,306,103,1,420.0,20,400.0,19,Delivered,Net Banking
ORD-1624,20250226,201,301,101,1,350.0,0,350.0,37,Cancelled,Cash on Delivery
ORD-1625,20240730,204,308,104,3,99.0,10,287.0,21,Delivered,Net Banking
ORD-1626,20241205,205,309,105,4,320.0,10,1270.0,46,Delivered,UPI
ORD-1627,20251105,202,304,102,1,250.0,10,240.0,40,Refunded,Debit Card
ORD-1628,20250714,205,309,105,3,320.0,0,960.0,20,Delivered,Net Banking
ORD-1629,20240523,204,307,104,1,199.0,10,189.0,30,Delivered,UPI
ORD-1630,20250206,202,304,102,4,250.0,0,1000.0,39,Delivered,Net Banking
ORD-1631,20240217,205,310,105,1,80.0,20,60.0,47,Refunded,Cash on Delivery
ORD-1632,20250531,202,303,102,4,220.0,0,880.0,51,Refunded,UPI
ORD-1633,20250720,204,307,104,4,199.0,50,746.0,29,Refunded,Cash on Delivery
ORD-1634,20240626,202,303,102,1,220.0,20,200.0,38,Cancelled,Net Banking
ORD-1635,20250304,205,310,105,2,80.0,10,150.0,43,Delivered,Debit Card
ORD-1636,20250408,202,303,102,2,220.0,20,420.0,50,Delivered,Cash on Delivery
ORD-1637,20241117,205,309,105,2,320.0,0,640.0,31,Cancelled,Debit Card
ORD-1638,20251204,203,306,103,2,420.0,0,840.0,50,Cancelled,Debit Card
ORD-1639,20251228,201,302,101,3,280.0,50,790.0,48,Cancelled,Cash on Delivery
ORD-1640,20251114,204,307,104,3,199.0,20,577.0,18,Cancelled,UPI
ORD-1641,20240126,204,307,104,2,199.0,0,398.0,21,Delivered,Debit Card
ORD-1642,20240613,203,305,103,3,399.0,0,1197.0,21,Refunded,Debit Card
ORD-1643,20240727,205,309,105,1,320.0,10,310.0,46,Delivered,Cash on Delivery
ORD-1644,20251122,205,309,105,2,320.0,50,590.0,42,Delivered,Cash on Delivery
ORD-1645,20251213,203,305,103,1,399.0,20,379.0,42,Delivered,Debit Card
ORD-1646,20250719,201,301,101,1,350.0,10,340.0,30,Cancelled,Net Banking
ORD-1647,20240818,203,306,103,2,420.0,0,840.0,36,Delivered,Credit Card
ORD-1648,20251130,201,302,101,2,280.0,0,560.0,50,Delivered,Net Banking
ORD-1649,20240211,204,307,104,3,199.0,50,547.0,34,Delivered,Credit Card
ORD-1650,20250821,203,305,103,1,399.0,10,389.0,47,Refunded,Credit Card
ORD-1651,20240210,202,303,102,3,220.0,50,610.0,21,Refunded,Cash on Delivery
ORD-1652,20251108,203,305,103,4,399.0,50,1546.0,53,Delivered,UPI
ORD-1653,20251225,203,306,103,2,420.0,0,840.0,51,Delivered,Cash on Delivery
ORD-1654,20240612,204,307,104,4,199.0,0,796.0,40,Delivered,Credit Card
ORD-1655,20251110,203,306,103,3,420.0,10,1250.0,36,Delivered,Cash on Delivery
ORD-1656,20250627,204,308,104,1,99.0,0,99.0,40,Delivered,Credit Card
ORD-1657,20251019,205,310,105,2,80.0,0,160.0,38,Delivered,UPI
ORD-1658,20250130,203,305,103,3,399.0,0,1197.0,51,Delivered,Cash on Delivery
ORD-1659,20250604,204,308,104,4,99.0,0,396.0,36,Refunded,Credit Card
ORD-1660,20241124,205,309,105,1,320.0,0,320.0,28,Cancelled,Cash on Delivery
ORD-1661,20240108,201,302,101,2,280.0,0,560.0,45,Delivered,Credit Card
ORD-1662,20250704,204,307,104,1,199.0,0,199.0,19,Delivered,Debit Card
ORD-1663,20240208,201,302,101,1,280.0,0,280.0,29,Delivered,Cash on Delivery
ORD-1664,20240313,205,310,105,2,80.0,10,150.0,44,Delivered,Net Banking
ORD-1665,20251007,204,307,104,4,199.0,10,786.0,19,Delivered,UPI
ORD-1666,20250701,201,301,101,1,350.0,50,300.0,20,Refunded,UPI
ORD-1667,20250101,205,309,105,1,320.0,10,310.0,37,Cancelled,UPI
ORD-1668,20241015,204,308,104,4,99.0,20,376.0,19,Delivered,Credit Card
ORD-1669,20250630,202,304,102,2,250.0,20,480.0,52,Delivered,Credit Card
ORD-1670,20241101,203,306,103,1,420.0,50,370.0,53,Delivered,UPI
ORD-1671,20240212,201,301,101,4,350.0,50,1350.0,53,Delivered,Debit Card
ORD-1672,20240803,203,306,103,2,420.0,20,820.0,50,Delivered,Credit Card
ORD-1673,20240707,202,304,102,3,250.0,0,750.0,25,Delivered,Cash on Delivery
ORD-1674,20240225,205,309,105,4,320.0,50,1230.0,22,Delivered,UPI
ORD-1675,20240913,201,302,101,2,280.0,50,510.0,49,Delivered,Debit Card
ORD-1676,20240511,202,304,102,1,250.0,10,240.0,22,Delivered,Debit Card
ORD-1677,20250512,204,308,104,3,99.0,50,247.0,37,Refunded,Cash on Delivery
ORD-1678,20240605,205,310,105,3,80.0,10,230.0,45,Delivered,UPI
ORD-1679,20241116,202,304,102,2,250.0,20,480.0,35,Delivered,Credit Card
ORD-1680,20251126,203,306,103,4,420.0,20,1660.0,46,Delivered,Debit Card
ORD-1681,20250513,205,309,105,1,320.0,0,320.0,23,Delivered,Credit Card
ORD-1682,20250705,202,304,102,3,250.0,0,750.0,22,Delivered,Cash on Delivery
ORD-1683,20251008,201,301,101,4,350.0,50,1350.0,31,Delivered,Cash on Delivery
ORD-1684,20240923,205,309,105,4,320.0,0,1280.0,41,Delivered,Credit Card
ORD-1685,20250826,203,305,103,2,399.0,20,778.0,50,Cancelled,UPI
ORD-1686,20250210,203,306,103,1,420.0,0,420.0,28,Cancelled,Credit Card
ORD-1687,20250401,202,303,102,2,220.0,50,390.0,54,Refunded,Credit Card
ORD-1688,20250510,203,306,103,1,420.0,0,420.0,49,Delivered,UPI
ORD-1689,20240927,203,306,103,2,420.0,0,840.0,31,Cancelled,Debit Card
ORD-1690,20250201,204,308,104,4,99.0,0,396.0,20,Refunded,Debit Card
ORD-1691,20240415,205,309,105,3,320.0,10,950.0,55,Cancelled,Cash on Delivery
ORD-1692,20240627,204,307,104,4,199.0,10,786.0,55,Refunded,UPI
ORD-1693,20250613,203,305,103,4,399.0,0,1596.0,51,Delivered,Debit Card
ORD-1694,20241219,204,308,104,4,99.0,50,346.0,18,Cancelled,Credit Card
ORD-1695,20250326,202,303,102,2,220.0,0,440.0,50,Refunded,Debit Card
ORD-1696,20240804,202,303,102,2,220.0,0,440.0,41,Cancelled,UPI
ORD-1697,20251107,202,304,102,4,250.0,10,990.0,25,Delivered,Net Banking
ORD-1698,20250505,202,304,102,2,250.0,20,480.0,19,Delivered,UPI
ORD-1699,20240510,205,310,105,2,80.0,0,160.0,50,Delivered,Cash on Delivery
ORD-1700,20240530,201,301,101,2,350.0,10,690.0,29,Cancelled,Net Banking
ORD-1701,20250905,205,310,105,1,80.0,10,70.0,23,Delivered,Net Banking
ORD-1702,20250913,204,308,104,4,99.0,0,396.0,32,Delivered,Cash on Delivery
ORD-1703,20240526,205,310,105,2,80.0,50,110.0,50,Delivered,Credit Card
ORD-1704,20251203,203,306,103,4,420.0,50,1630.0,55,Delivered,Credit Card
ORD-1705,20250122,204,307,104,2,199.0,0,398.0,19,Delivered,Cash on Delivery
ORD-1706,20250531,204,307,104,2,199.0,50,348.0,24,Delivered,Net Banking
ORD-1707,20250921,205,310,105,1,80.0,50,30.0,50,Delivered,UPI
ORD-1708,20250508,202,303,102,1,220.0,20,200.0,51,Delivered,Debit Card
ORD-1709,20240214,205,309,105,4,320.0,0,1280.0,48,Delivered,Debit Card
ORD-1710,20250826,205,310,105,1,80.0,20,60.0,26,Delivered,Net Banking
ORD-1711,20240826,201,302,101,3,280.0,50,790.0,52,Delivered,Debit Card
ORD-1712,20240712,201,301,101,1,350.0,50,300.0,51,Delivered,Cash on Delivery
ORD-1713,20240108,204,307,104,2,199.0,10,388.0,44,Delivered,UPI
ORD-1714,20240607,204,307,104,3,199.0,10,587.0,52,Delivered,Cash on Delivery
ORD-1715,20250109,205,310,105,3,80.0,20,220.0,31,Delivered,Cash on Delivery
ORD-1716,20250724,204,308,104,2,99.0,10,188.0,53,Cancelled,Net Banking
ORD-1717,20240916,203,305,103,3,399.0,20,1177.0,26,Refunded,UPI
ORD-1718,20240823,204,308,104,2,99.0,0,198.0,31,Cancelled,Net Banking
ORD-1719,20241212,205,309,105,1,320.0,0,320.0,42,Refunded,UPI
ORD-1720,20240403,202,303,102,4,220.0,50,830.0,45,Delivered,UPI
ORD-1721,20240926,202,304,102,3,250.0,0,750.0,20,Refunded,Net Banking
ORD-1722,20250214,205,310,105,3,80.0,50,190.0,21,Delivered,Net Banking
ORD-1723,20250325,201,301,101,2,350.0,50,650.0,36,Delivered,UPI
ORD-1724,20250905,205,309,105,2,320.0,50,590.0,28,Refunded,UPI
ORD-1725,20250103,202,304,102,1,250.0,0,250.0,23,Delivered,Net Banking
ORD-1726,20241227,204,307,104,4,199.0,50,746.0,30,Cancelled,UPI
ORD-1727,20251221,201,302,101,1,280.0,50,230.0,36,Refunded,Cash on Delivery
ORD-1728,20250819,203,306,103,3,420.0,10,1250.0,32,Cancelled,Credit Card
ORD-1729,20250410,204,307,104,1,199.0,10,189.0,29,Delivered,Cash on Delivery
ORD-1730,20240419,205,309,105,1,320.0,50,270.0,36,Delivered,UPI
ORD-1731,20250609,203,305,103,3,399.0,20,1177.0,42,Cancelled,Net Banking
ORD-1732,20240906,203,306,103,4,420.0,20,1660.0,55,Delivered,Net Banking
ORD-1733,20240429,203,305,103,1,399.0,20,379.0,32,Refunded,Credit Card
ORD-1734,20241119,204,307,104,3,199.0,50,547.0,52,Delivered,Debit Card
ORD-1735,20240911,203,305,103,1,399.0,20,379.0,39,Delivered,Cash on Delivery
ORD-1736,20240701,204,308,104,3,99.0,10,287.0,31,Cancelled,Debit Card
ORD-1737,20240706,202,304,102,4,250.0,0,1000.0,33,Refunded,Credit Card
ORD-1738,20240928,202,304,102,2,250.0,0,500.0,33,Cancelled,Debit Card
ORD-1739,20240608,201,302,101,1,280.0,0,280.0,49,Cancelled,UPI
ORD-1740,20250708,201,301,101,4,350.0,10,1390.0,38,Delivered,Cash on Delivery
ORD-1741,20241008,204,308,104,2,99.0,50,148.0,35,Delivered,Credit Card
ORD-1742,20250813,202,303,102,1,220.0,50,170.0,45,Delivered,Cash on Delivery
ORD-1743,20240203,205,309,105,3,320.0,20,940.0,29,Delivered,UPI
ORD-1744,20251216,205,309,105,4,320.0,10,1270.0,18,Delivered,Credit Card
ORD-1745,20250123,205,310,105,1,80.0,10,70.0,41,Cancelled,Debit Card
ORD-1746,20240710,205,309,105,3,320.0,0,960.0,35,Delivered,Cash on Delivery
ORD-1747,20241217,203,306,103,2,420.0,20,820.0,45,Delivered,Net Banking
ORD-1748,20251218,203,306,103,3,420.0,20,1240.0,35,Delivered,Credit Card
ORD-1749,20250808,202,303,102,2,220.0,0,440.0,35,Delivered,Cash on Delivery
ORD-1750,20250318,204,307,104,2,199.0,0,398.0,27,Delivered,UPI
ORD-1751,20240629,204,307,104,4,199.0,0,796.0,51,Cancelled,Debit Card
ORD-1752,20250513,203,305,103,3,399.0,50,1147.0,54,Delivered,Net Banking
ORD-1753,20240411,202,303,102,1,220.0,0,220.0,34,Delivered,UPI
ORD-1754,20250405,203,306,103,3,420.0,10,1250.0,41,Cancelled,Cash on Delivery
ORD-1755,20240920,203,306,103,1,420.0,20,400.0,25,Delivered,Cash on Delivery
ORD-1756,20240722,205,310,105,2,80.0,10,150.0,40,Delivered,Cash on Delivery
ORD-1757,20250514,204,308,104,1,99.0,20,79.0,36,Delivered,Credit Card
ORD-1758,20240620,203,306,103,4,420.0,50,1630.0,54,Delivered,UPI
ORD-1759,20240322,202,303,102,3,220.0,0,660.0,38,Delivered,Debit Card
ORD-1760,20251228,203,305,103,4,399.0,10,1586.0,46,Delivered,Cash on Delivery
ORD-1761,20250617,204,308,104,4,99.0,0,396.0,29,Delivered,Credit Card
ORD-1762,20240828,203,305,103,1,399.0,0,399.0,28,Delivered,UPI
ORD-1763,20240407,201,302,101,4,280.0,50,1070.0,21,Delivered,Net Banking
ORD-1764,20250620,201,302,101,1,280.0,10,270.0,27,Delivered,Net Banking
ORD-1765,20241112,202,304,102,2,250.0,10,490.0,46,Refunded,Credit Card
ORD-1766,20240514,205,309,105,2,320.0,0,640.0,20,Refunded,Debit Card
ORD-1767,20241129,204,308,104,4,99.0,50,346.0,35,Cancelled,Net Banking
ORD-1768,20240518,205,309,105,2,320.0,50,590.0,47,Refunded,Cash on Delivery
ORD-1769,20250321,205,309,105,3,320.0,10,950.0,48,Cancelled,Credit Card
ORD-1770,20240401,204,308,104,3,99.0,10,287.0,44,Delivered,Credit Card
ORD-1771,20241106,201,301,101,1,350.0,50,300.0,26,Delivered,Debit Card
ORD-1772,20250425,205,309,105,1,320.0,20,300.0,48,Delivered,UPI
ORD-1773,20250316,203,305,103,2,399.0,0,798.0,53,Delivered,Credit Card
ORD-1774,20250225,205,309,105,4,320.0,20,1260.0,33,Delivered,Net Banking
ORD-1775,20250122,202,304,102,3,250.0,0,750.0,45,Refunded,Credit Card
ORD-1776,20250613,205,310,105,3,80.0,10,230.0,52,Delivered,Net Banking
ORD-1777,20240711,201,302,101,2,280.0,0,560.0,36,Delivered,Net Banking
ORD-1778,20250924,204,308,104,3,99.0,50,247.0,49,Delivered,Debit Card
ORD-1779,20240120,202,303,102,1,220.0,50,170.0,19,Delivered,UPI
ORD-1780,20241015,203,305,103,2,399.0,20,778.0,18,Delivered,UPI
ORD-1781,20240603,201,301,101,4,350.0,0,1400.0,39,Delivered,Debit Card
ORD-1782,20250525,203,306,103,4,420.0,0,1680.0,39,Delivered,Credit Card
ORD-1783,20240227,203,305,103,4,399.0,0,1596.0,52,Delivered,Credit Card
ORD-1784,20240715,203,305,103,4,399.0,0,1596.0,25,Refunded,Credit Card
ORD-1785,20250129,204,308,104,2,99.0,0,198.0,30,Delivered,UPI
ORD-1786,20250617,202,304,102,4,250.0,20,980.0,37,Delivered,Credit Card
ORD-1787,20251006,201,301,101,1,350.0,10,340.0,48,Refunded,Debit Card
ORD-1788,20240722,203,306,103,1,420.0,0,420.0,25,Delivered,Net Banking
ORD-1789,20241128,201,301,101,2,350.0,10,690.0,55,Delivered,Net Banking
ORD-1790,20240905,201,301,101,1,350.0,50,300.0,48,Refunded,Cash on Delivery
ORD-1791,20240607,203,306,103,1,420.0,0,420.0,28,Delivered,UPI
ORD-1792,20251203,205,310,105,3,80.0,0,240.0,21,Delivered,Credit Card
ORD-1793,20251219,205,309,105,1,320.0,0,320.0,49,Delivered,Debit Card
ORD-1794,20250725,203,306,103,4,420.0,0,1680.0,19,Refunded,Net Banking
ORD-1795,20250101,202,303,102,3,220.0,0,660.0,49,Refunded,Net Banking
ORD-1796,20250726,203,305,103,4,399.0,0,1596.0,54,Delivered,Cash on Delivery
ORD-1797,20241222,203,306,103,4,420.0,10,1670.0,53,Delivered,UPI
ORD-1798,20250627,202,303,102,4,220.0,10,870.0,34,Cancelled,Debit Card
ORD-1799,20250409,201,301,101,4,350.0,0,1400.0,19,Cancelled,Debit Card
ORD-1800,20250927,202,304,102,3,250.0,0,750.0,52,Delivered,Credit Card
ORD-1801,20250620,204,308,104,2,99.0,50,148.0,36,Delivered,Net Banking
ORD-1802,20251018,203,306,103,1,420.0,0,420.0,51,Refunded,UPI
ORD-1803,20240214,202,303,102,2,220.0,0,440.0,30,Delivered,Net Banking
ORD-1804,20240715,201,302,101,1,280.0,50,230.0,42,Refunded,Net Banking
ORD-1805,20250622,205,310,105,3,80.0,0,240.0,41,Delivered,Cash on Delivery
ORD-1806,20240313,201,301,101,2,350.0,20,680.0,23,Delivered,UPI
ORD-1807,20250104,205,309,105,4,320.0,10,1270.0,21,Cancelled,Debit Card
ORD-1808,20250625,201,301,101,1,350.0,10,340.0,22,Delivered,Cash on Delivery
ORD-1809,20240409,201,302,101,2,280.0,50,510.0,42,Delivered,Credit Card
ORD-1810,20250622,202,304,102,2,250.0,50,450.0,53,Delivered,UPI
ORD-1811,20251015,205,310,105,3,80.0,20,220.0,45,Delivered,Credit Card
ORD-1812,20240703,205,309,105,4,320.0,50,1230.0,39,Refunded,Credit Card
ORD-1813,20250630,205,310,105,4,80.0,10,310.0,38,Cancelled,Debit Card
ORD-1814,20250115,204,307,104,4,199.0,10,786.0,33,Cancelled,Cash on Delivery
ORD-1815,20240807,204,307,104,3,199.0,10,587.0,46,Delivered,Net Banking
ORD-1816,20240101,201,301,101,3,350.0,50,1000.0,19,Cancelled,Credit Card
ORD-1817,20241105,201,301,101,3,350.0,0,1050.0,31,Delivered,UPI
ORD-1818,20251207,203,305,103,2,399.0,0,798.0,20,Delivered,Debit Card
ORD-1819,20240608,202,303,102,3,220.0,10,650.0,55,Delivered,Credit Card
ORD-1820,20240919,203,305,103,1,399.0,50,349.0,43,Cancelled,Credit Card
ORD-1821,20240320,203,306,103,4,420.0,0,1680.0,49,Refunded,Cash on Delivery
ORD-1822,20240407,205,310,105,3,80.0,0,240.0,54,Delivered,UPI
ORD-1823,20240227,203,306,103,3,420.0,20,1240.0,44,Delivered,Credit Card
ORD-1824,20251030,205,310,105,1,80.0,20,60.0,21,Delivered,Cash on Delivery
ORD-1825,20240212,203,306,103,2,420.0,10,830.0,50,Refunded,Credit Card
ORD-1826,20240605,201,301,101,4,350.0,20,1380.0,54,Cancelled,UPI
ORD-1827,20240815,204,307,104,3,199.0,20,577.0,27,Delivered,Debit Card
ORD-1828,20240325,204,308,104,1,99.0,50,49.0,43,Delivered,UPI
ORD-1829,20250212,205,309,105,4,320.0,0,1280.0,26,Delivered,Cash on Delivery
ORD-1830,20240721,204,308,104,4,99.0,50,346.0,30,Cancelled,Cash on Delivery
ORD-1831,20250620,202,304,102,2,250.0,0,500.0,35,Delivered,Debit Card
ORD-1832,20251202,205,310,105,1,80.0,0,80.0,44,Delivered,Debit Card
ORD-1833,20241222,202,304,102,3,250.0,10,740.0,19,Delivered,Credit Card
ORD-1834,20241224,205,310,105,4,80.0,50,270.0,27,Delivered,UPI
ORD-1835,20240827,202,304,102,3,250.0,0,750.0,23,Delivered,UPI
ORD-1836,20240905,205,310,105,2,80.0,10,150.0,18,Delivered,UPI
ORD-1837,20241108,204,308,104,4,99.0,0,396.0,39,Delivered,Cash on Delivery
ORD-1838,20240804,202,304,102,3,250.0,50,700.0,48,Cancelled,Credit Card
ORD-1839,20251212,201,301,101,4,350.0,50,1350.0,51,Delivered,Debit Card
ORD-1840,20240623,201,301,101,3,350.0,0,1050.0,35,Delivered,Net Banking
ORD-1841,20251101,201,301,101,1,350.0,20,330.0,35,Refunded,Debit Card
ORD-1842,20240420,201,301,101,3,350.0,20,1030.0,32,Delivered,Cash on Delivery
ORD-1843,20251227,201,302,101,3,280.0,20,820.0,52,Delivered,Credit Card
ORD-1844,20240722,205,309,105,4,320.0,50,1230.0,19,Delivered,Credit Card
ORD-1845,20250626,203,305,103,3,399.0,20,1177.0,43,Refunded,Credit Card
ORD-1846,20240119,203,306,103,3,420.0,10,1250.0,37,Delivered,Cash on Delivery
ORD-1847,20241009,201,301,101,3,350.0,20,1030.0,19,Cancelled,Debit Card
ORD-1848,20240818,202,303,102,3,220.0,20,640.0,26,Delivered,Net Banking
ORD-1849,20250617,205,310,105,2,80.0,20,140.0,33,Cancelled,Credit Card
ORD-1850,20250312,203,305,103,3,399.0,20,1177.0,52,Delivered,Credit Card
ORD-1851,20251030,202,303,102,2,220.0,0,440.0,37,Refunded,Cash on Delivery
ORD-1852,20240518,204,307,104,2,199.0,50,348.0,28,Delivered,UPI
ORD-1853,20250724,205,309,105,1,320.0,0,320.0,38,Delivered,UPI
ORD-1854,20241122,204,307,104,4,199.0,10,786.0,46,Refunded,Debit Card
ORD-1855,20240604,202,304,102,1,250.0,0,250.0,29,Delivered,Cash on Delivery
ORD-1856,20250923,203,305,103,2,399.0,50,748.0,32,Delivered,UPI
ORD-1857,20250102,201,302,101,4,280.0,0,1120.0,50,Cancelled,Net Banking
ORD-1858,20251230,203,306,103,2,420.0,20,820.0,49,Delivered,Credit Card
ORD-1859,20240616,202,304,102,2,250.0,0,500.0,44,Delivered,Debit Card
ORD-1860,20250226,202,304,102,2,250.0,0,500.0,22,Delivered,Net Banking
ORD-1861,20250923,204,308,104,3,99.0,20,277.0,33,Delivered,Net Banking
ORD-1862,20240212,205,310,105,4,80.0,10,310.0,43,Cancelled,Cash on Delivery
ORD-1863,20250831,205,309,105,1,320.0,50,270.0,24,Delivered,Net Banking
ORD-1864,20240213,202,304,102,4,250.0,0,1000.0,53,Delivered,Cash on Delivery
ORD-1865,20251007,201,301,101,2,350.0,10,690.0,46,Delivered,Debit Card
ORD-1866,20241019,204,308,104,2,99.0,20,178.0,36,Cancelled,UPI
ORD-1867,20251207,205,309,105,2,320.0,20,620.0,46,Delivered,Cash on Delivery
ORD-1868,20240425,202,303,102,2,220.0,20,420.0,44,Delivered,Net Banking
ORD-1869,20240126,202,303,102,4,220.0,50,830.0,30,Delivered,UPI
ORD-1870,20240913,203,306,103,2,420.0,0,840.0,23,Delivered,Net Banking
ORD-1871,20251011,203,306,103,1,420.0,50,370.0,42,Refunded,Cash on Delivery
ORD-1872,20250918,202,303,102,4,220.0,50,830.0,42,Delivered,Credit Card
ORD-1873,20241209,205,310,105,2,80.0,0,160.0,27,Delivered,UPI
ORD-1874,20250305,203,305,103,3,399.0,20,1177.0,36,Refunded,Credit Card
ORD-1875,20240430,202,303,102,2,220.0,0,440.0,34,Delivered,Net Banking
ORD-1876,20250524,204,308,104,1,99.0,50,49.0,49,Delivered,Credit Card
ORD-1877,20250825,204,308,104,4,99.0,20,376.0,46,Delivered,Cash on Delivery
ORD-1878,20250906,201,301,101,2,350.0,50,650.0,35,Cancelled,Cash on Delivery
ORD-1879,20240731,201,301,101,2,350.0,0,700.0,21,Refunded,Debit Card
ORD-1880,20240207,202,303,102,1,220.0,50,170.0,37,Delivered,UPI
ORD-1881,20240220,201,302,101,4,280.0,0,1120.0,28,Refunded,Debit Card
ORD-1882,20250917,205,310,105,2,80.0,20,140.0,55,Delivered,UPI
ORD-1883,20240405,203,305,103,3,399.0,10,1187.0,42,Delivered,Net Banking
ORD-1884,20250717,201,302,101,3,280.0,20,820.0,26,Delivered,Debit Card
ORD-1885,20241203,205,309,105,4,320.0,50,1230.0,31,Refunded,Credit Card
ORD-1886,20250918,201,301,101,1,350.0,50,300.0,51,Delivered,Net Banking
ORD-1887,20251206,205,310,105,3,80.0,20,220.0,38,Delivered,Cash on Delivery
ORD-1888,20250811,205,310,105,3,80.0,0,240.0,54,Delivered,Cash on Delivery
ORD-1889,20251009,204,308,104,4,99.0,0,396.0,32,Refunded,Debit Card
ORD-1890,20240717,201,301,101,1,350.0,0,350.0,47,Refunded,UPI
ORD-1891,20240731,205,310,105,4,80.0,20,300.0,20,Delivered,Debit Card
ORD-1892,20250727,202,304,102,1,250.0,0,250.0,36,Delivered,UPI
ORD-1893,20241111,203,305,103,3,399.0,0,1197.0,25,Refunded,Debit Card
ORD-1894,20241215,204,307,104,1,199.0,0,199.0,30,Delivered,Debit Card
ORD-1895,20251119,204,308,104,4,99.0,0,396.0,26,Delivered,Credit Card
ORD-1896,20251004,204,308,104,3,99.0,20,277.0,44,Refunded,UPI
ORD-1897,20250617,203,305,103,3,399.0,50,1147.0,52,Delivered,Credit Card
ORD-1898,20250814,203,306,103,3,420.0,0,1260.0,27,Delivered,UPI
ORD-1899,20241213,204,307,104,2,199.0,50,348.0,42,Delivered,Cash on Delivery
ORD-1900,20240429,203,305,103,3,399.0,0,1197.0,35,Delivered,UPI
ORD-1901,20250523,202,304,102,3,250.0,20,730.0,37,Delivered,Cash on Delivery
ORD-1902,20241105,202,303,102,1,220.0,10,210.0,20,Delivered,UPI
ORD-1903,20250330,205,309,105,1,320.0,20,300.0,50,Delivered,Credit Card
ORD-1904,20241214,204,308,104,3,99.0,10,287.0,27,Delivered,Cash on Delivery
ORD-1905,20251123,202,303,102,2,220.0,0,440.0,47,Delivered,Cash on Delivery
ORD-1906,20240428,201,301,101,3,350.0,0,1050.0,23,Delivered,Net Banking
ORD-1907,20240217,201,302,101,3,280.0,0,840.0,54,Delivered,Credit Card
ORD-1908,20241124,202,304,102,2,250.0,10,490.0,35,Cancelled,Debit Card
ORD-1909,20250327,201,302,101,3,280.0,0,840.0,28,Delivered,UPI
ORD-1910,20240116,205,310,105,1,80.0,0,80.0,52,Delivered,Cash on Delivery
ORD-1911,20241122,203,305,103,2,399.0,10,788.0,54,Delivered,Credit Card
ORD-1912,20240313,203,305,103,3,399.0,50,1147.0,46,Delivered,Credit Card
ORD-1913,20240130,204,308,104,1,99.0,0,99.0,42,Delivered,UPI
ORD-1914,20250312,204,307,104,2,199.0,50,348.0,55,Refunded,Net Banking
ORD-1915,20250923,203,306,103,3,420.0,10,1250.0,30,Refunded,Cash on Delivery
ORD-1916,20240321,204,308,104,2,99.0,0,198.0,47,Delivered,Net Banking
ORD-1917,20241113,204,308,104,4,99.0,0,396.0,32,Delivered,Cash on Delivery
ORD-1918,20240921,203,306,103,4,420.0,0,1680.0,39,Delivered,Net Banking
ORD-1919,20250514,201,301,101,1,350.0,20,330.0,25,Delivered,Net Banking
ORD-1920,20250417,202,303,102,3,220.0,10,650.0,54,Delivered,Cash on Delivery
ORD-1921,20240415,204,307,104,1,199.0,10,189.0,53,Refunded,UPI
ORD-1922,20241105,205,309,105,4,320.0,20,1260.0,55,Delivered,Credit Card
ORD-1923,20250927,202,304,102,2,250.0,20,480.0,42,Delivered,Debit Card
ORD-1924,20240801,205,310,105,4,80.0,20,300.0,54,Delivered,Cash on Delivery
ORD-1925,20251211,202,304,102,2,250.0,0,500.0,54,Delivered,UPI
ORD-1926,20250829,205,310,105,4,80.0,10,310.0,53,Delivered,Net Banking
ORD-1927,20240629,203,305,103,4,399.0,0,1596.0,24,Refunded,Cash on Delivery
ORD-1928,20250123,203,306,103,4,420.0,0,1680.0,23,Delivered,Credit Card
ORD-1929,20250817,201,301,101,2,350.0,0,700.0,46,Cancelled,Debit Card
ORD-1930,20250203,205,310,105,4,80.0,0,320.0,31,Refunded,Debit Card
ORD-1931,20241102,205,310,105,3,80.0,20,220.0,40,Delivered,Cash on Delivery
ORD-1932,20240109,205,310,105,4,80.0,0,320.0,36,Delivered,Debit Card
ORD-1933,20250716,201,301,101,1,350.0,50,300.0,40,Delivered,Debit Card
ORD-1934,20240201,202,304,102,4,250.0,50,950.0,43,Refunded,Debit Card
ORD-1935,20251229,204,307,104,4,199.0,20,776.0,45,Cancelled,Credit Card
ORD-1936,20251109,202,303,102,4,220.0,0,880.0,30,Cancelled,Net Banking
ORD-1937,20250103,204,307,104,2,199.0,10,388.0,26,Delivered,UPI
ORD-1938,20240314,201,301,101,2,350.0,20,680.0,45,Delivered,UPI
ORD-1939,20240520,204,307,104,4,199.0,50,746.0,45,Cancelled,Credit Card
ORD-1940,20250410,205,309,105,4,320.0,50,1230.0,46,Delivered,Debit Card
ORD-1941,20240819,202,303,102,4,220.0,50,830.0,18,Cancelled,Net Banking
ORD-1942,20240830,205,309,105,3,320.0,20,940.0,52,Cancelled,Debit Card
ORD-1943,20240204,201,301,101,4,350.0,10,1390.0,25,Cancelled,Net Banking
ORD-1944,20251208,201,302,101,2,280.0,50,510.0,35,Delivered,Cash on Delivery
ORD-1945,20240321,205,309,105,1,320.0,0,320.0,48,Refunded,UPI
ORD-1946,20251201,205,309,105,3,320.0,50,910.0,21,Delivered,Cash on Delivery
ORD-1947,20240112,204,308,104,4,99.0,50,346.0,48,Cancelled,Debit Card
ORD-1948,20250307,203,306,103,3,420.0,10,1250.0,28,Delivered,Cash on Delivery
ORD-1949,20241107,205,310,105,3,80.0,0,240.0,48,Cancelled,Credit Card
ORD-1950,20250809,201,301,101,3,350.0,50,1000.0,19,Delivered,Net Banking
ORD-1951,20240325,202,303,102,1,220.0,10,210.0,34,Delivered,Cash on Delivery
ORD-1952,20241014,203,305,103,3,399.0,0,1197.0,25,Cancelled,Credit Card
ORD-1953,20250828,202,303,102,4,220.0,10,870.0,29,Delivered,Credit Card
ORD-1954,20250511,202,303,102,1,220.0,10,210.0,23,Delivered,Cash on Delivery
ORD-1955,20240606,204,308,104,4,99.0,20,376.0,33,Refunded,Net Banking
ORD-1956,20251014,202,303,102,2,220.0,50,390.0,40,Delivered,Debit Card
ORD-1957,20240428,201,301,101,2,350.0,20,680.0,43,Delivered,Debit Card
ORD-1958,20250502,205,309,105,2,320.0,20,620.0,42,Delivered,Debit Card
ORD-1959,20240528,205,309,105,4,320.0,0,1280.0,36,Delivered,Net Banking
ORD-1960,20251125,203,306,103,1,420.0,0,420.0,52,Refunded,Debit Card
ORD-1961,20250318,205,310,105,3,80.0,10,230.0,35,Delivered,UPI
ORD-1962,20240918,205,310,105,4,80.0,20,300.0,33,Refunded,Cash on Delivery
ORD-1963,20240718,205,309,105,3,320.0,0,960.0,38,Cancelled,UPI
ORD-1964,20251119,201,301,101,1,350.0,0,350.0,44,Delivered,Cash on Delivery
ORD-1965,20240416,204,308,104,3,99.0,0,297.0,36,Delivered,Credit Card
ORD-1966,20240204,201,301,101,1,350.0,0,350.0,31,Cancelled,UPI
ORD-1967,20251226,201,302,101,1,280.0,50,230.0,26,Delivered,Cash on Delivery
ORD-1968,20240708,201,302,101,2,280.0,10,550.0,36,Delivered,UPI
ORD-1969,20251016,204,308,104,3,99.0,20,277.0,38,Delivered,Credit Card
ORD-1970,20240316,203,305,103,1,399.0,20,379.0,42,Delivered,UPI
ORD-1971,20240921,203,305,103,2,399.0,20,778.0,22,Delivered,Credit Card
ORD-1972,20250916,204,307,104,2,199.0,20,378.0,24,Delivered,Cash on Delivery
ORD-1973,20250317,202,304,102,1,250.0,20,230.0,34,Delivered,UPI
ORD-1974,20240315,201,302,101,3,280.0,20,820.0,19,Delivered,Credit Card
ORD-1975,20251030,201,301,101,1,350.0,20,330.0,35,Delivered,Debit Card
ORD-1976,20250204,205,310,105,1,80.0,50,30.0,49,Delivered,Net Banking
ORD-1977,20250217,201,302,101,2,280.0,0,560.0,42,Refunded,Net Banking
ORD-1978,20240504,205,310,105,3,80.0,10,230.0,37,Delivered,UPI
ORD-1979,20251009,201,302,101,3,280.0,50,790.0,39,Delivered,Net Banking
ORD-1980,20241023,202,304,102,2,250.0,50,450.0,20,Delivered,Credit Card
ORD-1981,20241102,204,307,104,1,199.0,10,189.0,49,Delivered,Net Banking
ORD-1982,20240713,202,303,102,1,220.0,0,220.0,19,Refunded,Cash on Delivery
ORD-1983,20240901,204,308,104,4,99.0,0,396.0,52,Refunded,Debit Card
ORD-1984,20250526,205,309,105,4,320.0,0,1280.0,20,Delivered,UPI
ORD-1985,20241211,201,301,101,4,350.0,0,1400.0,31,Refunded,Cash on Delivery
ORD-1986,20250414,205,309,105,2,320.0,50,590.0,32,Delivered,UPI
ORD-1987,20240524,204,308,104,1,99.0,20,79.0,20,Delivered,Credit Card
ORD-1988,20240115,202,303,102,1,220.0,10,210.0,24,Delivered,Cash on Delivery
ORD-1989,20240623,205,310,105,1,80.0,0,80.0,25,Delivered,Cash on Delivery
ORD-1990,20250922,202,304,102,1,250.0,0,250.0,45,Delivered,Net Banking
ORD-1991,20241128,201,302,101,2,280.0,10,550.0,31,Delivered,Cash on Delivery
ORD-1992,20240626,203,306,103,1,420.0,0,420.0,35,Delivered,Net Banking
ORD-1993,20240621,203,306,103,2,420.0,20,820.0,33,Cancelled,UPI
ORD-1994,20240516,201,302,101,4,280.0,0,1120.0,19,Delivered,UPI
ORD-1995,20240107,201,301,101,2,350.0,0,700.0,55,Delivered,Net Banking
ORD-1996,20251211,204,308,104,2,99.0,0,198.0,27,Refunded,Debit Card
ORD-1997,20250619,204,308,104,4,99.0,0,396.0,29,Cancelled,UPI
ORD-1998,20250902,202,303,102,4,220.0,50,830.0,23,Refunded,Debit Card
ORD-1999,20241222,204,307,104,1,199.0,50,149.0,33,Delivered,UPI
ORD-2000,20250626,201,302,101,3,280.0,50,790.0,50,Delivered,Net Banking
